marker,date,predicted,ci_lower,ci_upper,is_observed,slope_per_year,r_squared,p_value
BODY FAT MASS,2023-06-14,18.700000000000003,18.700000000000003,18.700000000000003,True,-2.0716216216216212,1.0,0.0
BODY FAT MASS,2023-07-14,18.529729729729734,18.529729729729734,18.529729729729734,False,-2.0716216216216212,1.0,0.0
BODY FAT MASS,2023-08-13,18.359459459459462,18.359459459459462,18.359459459459462,False,-2.0716216216216212,1.0,0.0
BODY FAT MASS,2023-09-12,18.189189189189193,18.189189189189193,18.189189189189193,False,-2.0716216216216212,1.0,0.0
BODY FAT MASS,2023-10-12,18.01891891891892,18.01891891891892,18.01891891891892,False,-2.0716216216216212,1.0,0.0
BODY FAT MASS,2023-11-11,17.848648648648652,17.848648648648652,17.848648648648652,False,-2.0716216216216212,1.0,0.0
BODY FAT MASS,2023-12-11,17.678378378378383,17.678378378378383,17.678378378378383,False,-2.0716216216216212,1.0,0.0
BODY FAT MASS,2024-01-10,17.50810810810811,17.50810810810811,17.50810810810811,False,-2.0716216216216212,1.0,0.0
BODY FAT MASS,2024-02-09,17.337837837837842,17.337837837837842,17.337837837837842,False,-2.0716216216216212,1.0,0.0
BODY FAT MASS,2024-03-10,17.16756756756757,17.16756756756757,17.16756756756757,False,-2.0716216216216212,1.0,0.0
BODY FAT MASS,2024-04-09,16.9972972972973,16.9972972972973,16.9972972972973,False,-2.0716216216216212,1.0,0.0
BODY FAT MASS,2024-05-09,16.82702702702703,16.82702702702703,16.82702702702703,False,-2.0716216216216212,1.0,0.0
BODY FAT MASS,2024-06-08,16.65675675675676,16.65675675675676,16.65675675675676,False,-2.0716216216216212,1.0,0.0
BODY FAT MASS,2024-07-08,16.48648648648649,16.48648648648649,16.48648648648649,False,-2.0716216216216212,1.0,0.0
BODY FAT MASS,2024-08-07,16.31621621621622,16.31621621621622,16.31621621621622,False,-2.0716216216216212,1.0,0.0
BODY FAT MASS,2024-09-06,16.14594594594595,16.14594594594595,16.14594594594595,False,-2.0716216216216212,1.0,0.0
BODY FAT MASS,2024-10-06,15.975675675675678,15.975675675675678,15.975675675675678,False,-2.0716216216216212,1.0,0.0
BODY FAT MASS,2024-11-05,15.80540540540541,15.80540540540541,15.80540540540541,False,-2.0716216216216212,1.0,0.0
BODY FAT MASS,2024-12-05,15.635135135135139,15.635135135135139,15.635135135135139,False,-2.0716216216216212,1.0,0.0
BODY FAT MASS,2025-01-04,15.464864864864868,15.464864864864868,15.464864864864868,False,-2.0716216216216212,1.0,0.0
BODY FAT MASS,2025-02-03,15.294594594594598,15.294594594594598,15.294594594594598,False,-2.0716216216216212,1.0,0.0
BODY FAT MASS,2025-03-05,15.124324324324327,15.124324324324327,15.124324324324327,False,-2.0716216216216212,1.0,0.0
BODY FAT MASS,2025-04-04,14.954054054054058,14.954054054054058,14.954054054054058,False,-2.0716216216216212,1.0,0.0
BODY FAT MASS,2025-05-04,14.783783783783788,14.783783783783788,14.783783783783788,False,-2.0716216216216212,1.0,0.0
BODY FAT MASS,2025-06-03,14.613513513513517,14.613513513513517,14.613513513513517,False,-2.0716216216216212,1.0,0.0
BODY FAT MASS,2025-07-03,14.443243243243247,14.443243243243247,14.443243243243247,False,-2.0716216216216212,1.0,0.0
BODY FAT MASS,2025-08-02,14.272972972972976,14.272972972972976,14.272972972972976,False,-2.0716216216216212,1.0,0.0
BODY FAT MASS,2025-09-01,14.102702702702707,14.102702702702707,14.102702702702707,False,-2.0716216216216212,1.0,0.0
BODY FAT MASS,2025-10-01,13.932432432432435,13.932432432432435,13.932432432432435,False,-2.0716216216216212,1.0,0.0
BODY FAT MASS,2025-10-31,13.762162162162166,13.762162162162166,13.762162162162166,False,-2.0716216216216212,1.0,0.0
BODY FAT MASS,2025-11-30,13.591891891891894,13.591891891891894,13.591891891891894,False,-2.0716216216216212,1.0,0.0
BODY FAT MASS,2025-12-30,13.421621621621625,13.421621621621625,13.421621621621625,False,-2.0716216216216212,1.0,0.0
BODY FAT MASS,2026-01-29,13.251351351351355,13.251351351351355,13.251351351351355,False,-2.0716216216216212,1.0,0.0
BODY FAT MASS,2026-02-28,13.081081081081084,13.081081081081084,13.081081081081084,False,-2.0716216216216212,1.0,0.0
BODY FAT MASS,2026-03-30,12.910810810810815,12.910810810810815,12.910810810810815,False,-2.0716216216216212,1.0,0.0
BODY FAT MASS,2026-04-29,12.740540540540543,12.740540540540543,12.740540540540543,False,-2.0716216216216212,1.0,0.0
BODY FAT MASS,2026-05-29,12.570270270270274,12.570270270270274,12.570270270270274,False,-2.0716216216216212,1.0,0.0
BODY FAT MASS,2026-06-28,12.400000000000004,12.400000000000004,12.400000000000004,False,-2.0716216216216212,1.0,0.0
BODY FAT MASS,2026-07-28,12.229729729729733,12.229729729729733,12.229729729729733,False,-2.0716216216216212,1.0,0.0
BODY FAT MASS,2026-08-27,12.059459459459463,12.059459459459463,12.059459459459463,False,-2.0716216216216212,1.0,0.0
BODY FAT MASS,2026-09-26,11.889189189189192,11.889189189189192,11.889189189189192,False,-2.0716216216216212,1.0,0.0
BODY FAT MASS,2026-10-26,11.718918918918924,11.718918918918924,11.718918918918924,False,-2.0716216216216212,1.0,0.0
BODY FAT MASS,2026-11-25,11.548648648648651,11.548648648648651,11.548648648648651,False,-2.0716216216216212,1.0,0.0
BODY FAT MASS,2026-12-25,11.378378378378383,11.378378378378383,11.378378378378383,False,-2.0716216216216212,1.0,0.0
BODY FAT MASS,2027-01-24,11.208108108108112,11.208108108108112,11.208108108108112,False,-2.0716216216216212,1.0,0.0
BODY FAT MASS,2027-02-23,11.037837837837841,11.037837837837841,11.037837837837841,False,-2.0716216216216212,1.0,0.0
BODY FAT MASS,2027-03-25,10.867567567567573,10.867567567567573,10.867567567567573,False,-2.0716216216216212,1.0,0.0
BODY FAT PERCENT,2023-06-14,22.700000000000003,22.700000000000003,22.700000000000003,True,-2.0716216216216212,1.0,0.0
BODY FAT PERCENT,2023-07-14,22.529729729729734,22.529729729729734,22.529729729729734,False,-2.0716216216216212,1.0,0.0
BODY FAT PERCENT,2023-08-13,22.359459459459462,22.359459459459462,22.359459459459462,False,-2.0716216216216212,1.0,0.0
BODY FAT PERCENT,2023-09-12,22.189189189189193,22.189189189189193,22.189189189189193,False,-2.0716216216216212,1.0,0.0
BODY FAT PERCENT,2023-10-12,22.01891891891892,22.01891891891892,22.01891891891892,False,-2.0716216216216212,1.0,0.0
BODY FAT PERCENT,2023-11-11,21.848648648648652,21.848648648648652,21.848648648648652,False,-2.0716216216216212,1.0,0.0
BODY FAT PERCENT,2023-12-11,21.678378378378383,21.678378378378383,21.678378378378383,False,-2.0716216216216212,1.0,0.0
BODY FAT PERCENT,2024-01-10,21.50810810810811,21.50810810810811,21.50810810810811,False,-2.0716216216216212,1.0,0.0
BODY FAT PERCENT,2024-02-09,21.337837837837842,21.337837837837842,21.337837837837842,False,-2.0716216216216212,1.0,0.0
BODY FAT PERCENT,2024-03-10,21.16756756756757,21.16756756756757,21.16756756756757,False,-2.0716216216216212,1.0,0.0
BODY FAT PERCENT,2024-04-09,20.9972972972973,20.9972972972973,20.9972972972973,False,-2.0716216216216212,1.0,0.0
BODY FAT PERCENT,2024-05-09,20.82702702702703,20.82702702702703,20.82702702702703,False,-2.0716216216216212,1.0,0.0
BODY FAT PERCENT,2024-06-08,20.65675675675676,20.65675675675676,20.65675675675676,False,-2.0716216216216212,1.0,0.0
BODY FAT PERCENT,2024-07-08,20.48648648648649,20.48648648648649,20.48648648648649,False,-2.0716216216216212,1.0,0.0
BODY FAT PERCENT,2024-08-07,20.31621621621622,20.31621621621622,20.31621621621622,False,-2.0716216216216212,1.0,0.0
BODY FAT PERCENT,2024-09-06,20.14594594594595,20.14594594594595,20.14594594594595,False,-2.0716216216216212,1.0,0.0
BODY FAT PERCENT,2024-10-06,19.975675675675678,19.975675675675678,19.975675675675678,False,-2.0716216216216212,1.0,0.0
BODY FAT PERCENT,2024-11-05,19.80540540540541,19.80540540540541,19.80540540540541,False,-2.0716216216216212,1.0,0.0
BODY FAT PERCENT,2024-12-05,19.635135135135137,19.635135135135137,19.635135135135137,False,-2.0716216216216212,1.0,0.0
BODY FAT PERCENT,2025-01-04,19.464864864864868,19.464864864864868,19.464864864864868,False,-2.0716216216216212,1.0,0.0
BODY FAT PERCENT,2025-02-03,19.2945945945946,19.2945945945946,19.2945945945946,False,-2.0716216216216212,1.0,0.0
BODY FAT PERCENT,2025-03-05,19.124324324324327,19.124324324324327,19.124324324324327,False,-2.0716216216216212,1.0,0.0
BODY FAT PERCENT,2025-04-04,18.95405405405406,18.95405405405406,18.95405405405406,False,-2.0716216216216212,1.0,0.0
BODY FAT PERCENT,2025-05-04,18.783783783783786,18.783783783783786,18.783783783783786,False,-2.0716216216216212,1.0,0.0
BODY FAT PERCENT,2025-06-03,18.613513513513517,18.613513513513517,18.613513513513517,False,-2.0716216216216212,1.0,0.0
BODY FAT PERCENT,2025-07-03,18.443243243243245,18.443243243243245,18.443243243243245,False,-2.0716216216216212,1.0,0.0
BODY FAT PERCENT,2025-08-02,18.272972972972976,18.272972972972976,18.272972972972976,False,-2.0716216216216212,1.0,0.0
BODY FAT PERCENT,2025-09-01,18.102702702702707,18.102702702702707,18.102702702702707,False,-2.0716216216216212,1.0,0.0
BODY FAT PERCENT,2025-10-01,17.932432432432435,17.932432432432435,17.932432432432435,False,-2.0716216216216212,1.0,0.0
BODY FAT PERCENT,2025-10-31,17.762162162162166,17.762162162162166,17.762162162162166,False,-2.0716216216216212,1.0,0.0
BODY FAT PERCENT,2025-11-30,17.591891891891894,17.591891891891894,17.591891891891894,False,-2.0716216216216212,1.0,0.0
BODY FAT PERCENT,2025-12-30,17.421621621621625,17.421621621621625,17.421621621621625,False,-2.0716216216216212,1.0,0.0
BODY FAT PERCENT,2026-01-29,17.251351351351353,17.251351351351353,17.251351351351353,False,-2.0716216216216212,1.0,0.0
BODY FAT PERCENT,2026-02-28,17.081081081081084,17.081081081081084,17.081081081081084,False,-2.0716216216216212,1.0,0.0
BODY FAT PERCENT,2026-03-30,16.910810810810815,16.910810810810815,16.910810810810815,False,-2.0716216216216212,1.0,0.0
BODY FAT PERCENT,2026-04-29,16.740540540540543,16.740540540540543,16.740540540540543,False,-2.0716216216216212,1.0,0.0
BODY FAT PERCENT,2026-05-29,16.570270270270274,16.570270270270274,16.570270270270274,False,-2.0716216216216212,1.0,0.0
BODY FAT PERCENT,2026-06-28,16.400000000000006,16.400000000000006,16.400000000000006,False,-2.0716216216216212,1.0,0.0
BODY FAT PERCENT,2026-07-28,16.229729729729733,16.229729729729733,16.229729729729733,False,-2.0716216216216212,1.0,0.0
BODY FAT PERCENT,2026-08-27,16.05945945945946,16.05945945945946,16.05945945945946,False,-2.0716216216216212,1.0,0.0
BODY FAT PERCENT,2026-09-26,15.889189189189192,15.889189189189192,15.889189189189192,False,-2.0716216216216212,1.0,0.0
BODY FAT PERCENT,2026-10-26,15.718918918918924,15.718918918918924,15.718918918918924,False,-2.0716216216216212,1.0,0.0
BODY FAT PERCENT,2026-11-25,15.548648648648651,15.548648648648651,15.548648648648651,False,-2.0716216216216212,1.0,0.0
BODY FAT PERCENT,2026-12-25,15.378378378378383,15.378378378378383,15.378378378378383,False,-2.0716216216216212,1.0,0.0
BODY FAT PERCENT,2027-01-24,15.208108108108112,15.208108108108112,15.208108108108112,False,-2.0716216216216212,1.0,0.0
BODY FAT PERCENT,2027-02-23,15.037837837837841,15.037837837837841,15.037837837837841,False,-2.0716216216216212,1.0,0.0
BODY FAT PERCENT,2027-03-25,14.867567567567573,14.867567567567573,14.867567567567573,False,-2.0716216216216212,1.0,0.0
BODY MASS INDEX,2023-06-14,27.300000000000004,27.300000000000004,27.300000000000004,True,-0.6905405405405416,1.0,0.0
BODY MASS INDEX,2023-07-14,27.243243243243246,27.243243243243246,27.243243243243246,False,-0.6905405405405416,1.0,0.0
BODY MASS INDEX,2023-08-13,27.18648648648649,27.18648648648649,27.18648648648649,False,-0.6905405405405416,1.0,0.0
BODY MASS INDEX,2023-09-12,27.129729729729732,27.129729729729732,27.129729729729732,False,-0.6905405405405416,1.0,0.0
BODY MASS INDEX,2023-10-12,27.072972972972977,27.072972972972977,27.072972972972977,False,-0.6905405405405416,1.0,0.0
BODY MASS INDEX,2023-11-11,27.016216216216222,27.016216216216222,27.016216216216222,False,-0.6905405405405416,1.0,0.0
BODY MASS INDEX,2023-12-11,26.959459459459463,26.959459459459463,26.959459459459463,False,-0.6905405405405416,1.0,0.0
BODY MASS INDEX,2024-01-10,26.902702702702705,26.902702702702705,26.902702702702705,False,-0.6905405405405416,1.0,0.0
BODY MASS INDEX,2024-02-09,26.84594594594595,26.84594594594595,26.84594594594595,False,-0.6905405405405416,1.0,0.0
BODY MASS INDEX,2024-03-10,26.789189189189194,26.789189189189194,26.789189189189194,False,-0.6905405405405416,1.0,0.0
BODY MASS INDEX,2024-04-09,26.732432432432436,26.732432432432436,26.732432432432436,False,-0.6905405405405416,1.0,0.0
BODY MASS INDEX,2024-05-09,26.675675675675677,26.675675675675677,26.675675675675677,False,-0.6905405405405416,1.0,0.0
BODY MASS INDEX,2024-06-08,26.618918918918922,26.618918918918922,26.618918918918922,False,-0.6905405405405416,1.0,0.0
BODY MASS INDEX,2024-07-08,26.562162162162167,26.562162162162167,26.562162162162167,False,-0.6905405405405416,1.0,0.0
BODY MASS INDEX,2024-08-07,26.50540540540541,26.50540540540541,26.50540540540541,False,-0.6905405405405416,1.0,0.0
BODY MASS INDEX,2024-09-06,26.44864864864865,26.44864864864865,26.44864864864865,False,-0.6905405405405416,1.0,0.0
BODY MASS INDEX,2024-10-06,26.391891891891895,26.391891891891895,26.391891891891895,False,-0.6905405405405416,1.0,0.0
BODY MASS INDEX,2024-11-05,26.335135135135136,26.335135135135136,26.335135135135136,False,-0.6905405405405416,1.0,0.0
BODY MASS INDEX,2024-12-05,26.27837837837838,26.27837837837838,26.27837837837838,False,-0.6905405405405416,1.0,0.0
BODY MASS INDEX,2025-01-04,26.221621621621622,26.221621621621622,26.221621621621622,False,-0.6905405405405416,1.0,0.0
BODY MASS INDEX,2025-02-03,26.164864864864867,26.164864864864867,26.164864864864867,False,-0.6905405405405416,1.0,0.0
BODY MASS INDEX,2025-03-05,26.108108108108112,26.108108108108112,26.108108108108112,False,-0.6905405405405416,1.0,0.0
BODY MASS INDEX,2025-04-04,26.051351351351354,26.051351351351354,26.051351351351354,False,-0.6905405405405416,1.0,0.0
BODY MASS INDEX,2025-05-04,25.994594594594595,25.994594594594595,25.994594594594595,False,-0.6905405405405416,1.0,0.0
BODY MASS INDEX,2025-06-03,25.93783783783784,25.93783783783784,25.93783783783784,False,-0.6905405405405416,1.0,0.0
BODY MASS INDEX,2025-07-03,25.881081081081085,25.881081081081085,25.881081081081085,False,-0.6905405405405416,1.0,0.0
BODY MASS INDEX,2025-08-02,25.824324324324326,25.824324324324326,25.824324324324326,False,-0.6905405405405416,1.0,0.0
BODY MASS INDEX,2025-09-01,25.767567567567568,25.767567567567568,25.767567567567568,False,-0.6905405405405416,1.0,0.0
BODY MASS INDEX,2025-10-01,25.710810810810813,25.710810810810813,25.710810810810813,False,-0.6905405405405416,1.0,0.0
BODY MASS INDEX,2025-10-31,25.654054054054054,25.654054054054054,25.654054054054054,False,-0.6905405405405416,1.0,0.0
BODY MASS INDEX,2025-11-30,25.5972972972973,25.5972972972973,25.5972972972973,False,-0.6905405405405416,1.0,0.0
BODY MASS INDEX,2025-12-30,25.54054054054054,25.54054054054054,25.54054054054054,False,-0.6905405405405416,1.0,0.0
BODY MASS INDEX,2026-01-29,25.483783783783785,25.483783783783785,25.483783783783785,False,-0.6905405405405416,1.0,0.0
BODY MASS INDEX,2026-02-28,25.427027027027027,25.427027027027027,25.427027027027027,False,-0.6905405405405416,1.0,0.0
BODY MASS INDEX,2026-03-30,25.37027027027027,25.37027027027027,25.37027027027027,False,-0.6905405405405416,1.0,0.0
BODY MASS INDEX,2026-04-29,25.313513513513513,25.313513513513513,25.313513513513513,False,-0.6905405405405416,1.0,0.0
BODY MASS INDEX,2026-05-29,25.256756756756758,25.256756756756758,25.256756756756758,False,-0.6905405405405416,1.0,0.0
BODY MASS INDEX,2026-06-28,25.200000000000003,25.200000000000003,25.200000000000003,False,-0.6905405405405416,1.0,0.0
BODY MASS INDEX,2026-07-28,25.143243243243244,25.143243243243244,25.143243243243244,False,-0.6905405405405416,1.0,0.0
BODY MASS INDEX,2026-08-27,25.086486486486486,25.086486486486486,25.086486486486486,False,-0.6905405405405416,1.0,0.0
BODY MASS INDEX,2026-09-26,25.02972972972973,25.02972972972973,25.02972972972973,False,-0.6905405405405416,1.0,0.0
BODY MASS INDEX,2026-10-26,24.972972972972975,24.972972972972975,24.972972972972975,False,-0.6905405405405416,1.0,0.0
BODY MASS INDEX,2026-11-25,24.916216216216217,24.916216216216217,24.916216216216217,False,-0.6905405405405416,1.0,0.0
BODY MASS INDEX,2026-12-25,24.85945945945946,24.85945945945946,24.85945945945946,False,-0.6905405405405416,1.0,0.0
BODY MASS INDEX,2027-01-24,24.802702702702703,24.802702702702703,24.802702702702703,False,-0.6905405405405416,1.0,0.0
BODY MASS INDEX,2027-02-23,24.745945945945948,24.745945945945948,24.745945945945948,False,-0.6905405405405416,1.0,0.0
BODY MASS INDEX,2027-03-25,24.68918918918919,24.68918918918919,24.68918918918919,False,-0.6905405405405416,1.0,0.0
CREATININE (mg/dL),2023-06-14,1.1098025480591311,0.9076077886858782,1.311997307432384,True,0.07359741977392571,0.9200479031324876,0.040808724428496694
CREATININE (mg/dL),2023-07-14,1.1158516510542482,0.916863031638865,1.3148402704696314,False,0.07359741977392571,0.9200479031324876,0.040808724428496694
CREATININE (mg/dL),2023-08-13,1.1219007540493655,0.9260204643942802,1.3177810437044508,False,0.07359741977392571,0.9200479031324876,0.040808724428496694
CREATININE (mg/dL),2023-09-12,1.1279498570444826,0.9350753580209794,1.3208243560679858,False,0.07359741977392571,0.9200479031324876,0.040808724428496694
CREATININE (mg/dL),2023-10-12,1.1339989600395999,0.9440228453528798,1.32397507472632,False,0.07359741977392571,0.9200479031324876,0.040808724428496694
CREATININE (mg/dL),2023-11-11,1.140048063034717,0.9528579372026006,1.3272381888668334,False,0.07359741977392571,0.9200479031324876,0.040808724428496694
CREATININE (mg/dL),2023-12-11,1.1460971660298342,0.9615755425102244,1.3306187895494441,False,0.07359741977392571,0.9200479031324876,0.040808724428496694
CREATININE (mg/dL),2024-01-10,1.1521462690249513,0.9701704927159354,1.3341220453339673,False,0.07359741977392571,0.9200479031324876,0.040808724428496694
CREATININE (mg/dL),2024-02-09,1.1581953720200686,0.9786375705746492,1.3377531734654882,False,0.07359741977392571,0.9200479031324876,0.040808724428496694
CREATININE (mg/dL),2024-03-10,1.1642444750151857,0.9869715435331243,1.341517406497247,False,0.07359741977392571,0.9200479031324876,0.040808724428496694
CREATININE (mg/dL),2024-04-09,1.170293578010303,0.995167201663786,1.34541995435682,False,0.07359741977392571,0.9200479031324876,0.040808724428496694
CREATININE (mg/dL),2024-05-09,1.17634268100542,1.0032193999945536,1.3494659620162865,False,0.07359741977392571,0.9200479031324876,0.040808724428496694
CREATININE (mg/dL),2024-06-08,1.1823917840005373,1.0111231048926506,1.3536604631084241,False,0.07359741977392571,0.9200479031324876,0.040808724428496694
CREATININE (mg/dL),2024-07-08,1.1884408869956544,1.018873443957669,1.3580083300336399,False,0.07359741977392571,0.9200479031324876,0.040808724428496694
CREATININE (mg/dL),2024-08-07,1.1944899899907717,1.0264657586632402,1.3625142213183032,False,0.07359741977392571,0.9200479031324876,0.040808724428496694
CREATININE (mg/dL),2024-09-06,1.2005390929858888,1.0338956587688077,1.3671825272029698,False,0.07359741977392571,0.9200479031324876,0.040808724428496694
CREATININE (mg/dL),2024-10-06,1.206588195981006,1.0411590773174388,1.3720173146445733,False,0.07359741977392571,0.9200479031324876,0.040808724428496694
CREATININE (mg/dL),2024-11-05,1.2126372989761232,1.0482523248585538,1.3770222730936925,False,0.07359741977392571,0.9200479031324876,0.040808724428496694
CREATININE (mg/dL),2024-12-05,1.2186864019712405,1.0551721414030852,1.3822006625393957,False,0.07359741977392571,0.9200479031324876,0.040808724428496694
CREATININE (mg/dL),2025-01-04,1.2247355049663575,1.0619157445490344,1.3875552653836807,False,0.07359741977392571,0.9200479031324876,0.040808724428496694
CREATININE (mg/dL),2025-02-03,1.2307846079614748,1.06848087222121,1.3930883437017396,False,0.07359741977392571,0.9200479031324876,0.040808724428496694
CREATININE (mg/dL),2025-03-05,1.236833710956592,1.074865818558672,1.3988016033545119,False,0.07359741977392571,0.9200479031324876,0.040808724428496694
CREATININE (mg/dL),2025-04-04,1.2428828139517092,1.0810694616593537,1.4046961662440647,False,0.07359741977392571,0.9200479031324876,0.040808724428496694
CREATININE (mg/dL),2025-05-04,1.2489319169468263,1.0870912821481358,1.4107725517455167,False,0.07359741977392571,0.9200479031324876,0.040808724428496694
CREATININE (mg/dL),2025-06-03,1.2549810199419436,1.0929313718593776,1.4170306680245095,False,0.07359741977392571,0.9200479031324876,0.040808724428496694
CREATININE (mg/dL),2025-07-03,1.2610301229370606,1.0985904322977,1.4234698135764212,False,0.07359741977392571,0.9200479031324876,0.040808724428496694
CREATININE (mg/dL),2025-08-02,1.267079225932178,1.104069762936847,1.4300886889275088,False,0.07359741977392571,0.9200479031324876,0.040808724428496694
CREATININE (mg/dL),2025-09-01,1.273128328927295,1.109371239808294,1.436885418046296,False,0.07359741977392571,0.9200479031324876,0.040808724428496694
CREATININE (mg/dL),2025-10-01,1.2791774319224123,1.1144972851920976,1.443857578652727,False,0.07359741977392571,0.9200479031324876,0.040808724428496694
CREATININE (mg/dL),2025-10-31,1.2852265349175294,1.1194508295286068,1.451002240306452,False,0.07359741977392571,0.9200479031324876,0.040808724428496694
CREATININE (mg/dL),2025-11-30,1.2912756379126467,1.1242352669032436,1.4583160089220497,False,0.07359741977392571,0.9200479031324876,0.040808724428496694
CREATININE (mg/dL),2025-12-30,1.2973247409077637,1.1288544056068257,1.4657950762087018,False,0.07359741977392571,0.9200479031324876,0.040808724428496694
CREATININE (mg/dL),2026-01-29,1.303373843902881,1.133312415337938,1.4734352724678241,False,0.07359741977392571,0.9200479031324876,0.040808724428496694
CREATININE (mg/dL),2026-02-28,1.309422946897998,1.137613772595881,1.4812321212001152,False,0.07359741977392571,0.9200479031324876,0.040808724428496694
CREATININE (mg/dL),2026-03-30,1.3154720498931154,1.141763205723083,1.4891808940631477,False,0.07359741977392571,0.9200479031324876,0.040808724428496694
CREATININE (mg/dL),2026-04-29,1.3215211528882325,1.1457656409089798,1.4972766648674851,False,0.07359741977392571,0.9200479031324876,0.040808724428496694
CREATININE (mg/dL),2026-05-29,1.3275702558833498,1.149626150279997,1.5055143614867026,False,0.07359741977392571,0.9200479031324876,0.040808724428496694
CREATININE (mg/dL),2026-06-28,1.3336193588784668,1.1533499029893661,1.5138888147675675,False,0.07359741977392571,0.9200479031324876,0.040808724428496694
CREATININE (mg/dL),2026-07-28,1.3396684618735841,1.15694212000188,1.5223948037452883,False,0.07359741977392571,0.9200479031324876,0.040808724428496694
CREATININE (mg/dL),2026-08-27,1.3457175648687012,1.16040803305567,1.5310270966817323,False,0.07359741977392571,0.9200479031324876,0.040808724428496694
CREATININE (mg/dL),2026-09-26,1.3517666678638185,1.1637528480861175,1.5397804876415195,False,0.07359741977392571,0.9200479031324876,0.040808724428496694
CREATININE (mg/dL),2026-10-26,1.3578157708589356,1.1669817132231814,1.5486498284946897,False,0.07359741977392571,0.9200479031324876,0.040808724428496694
CREATININE (mg/dL),2026-11-25,1.3638648738540526,1.1700996913270103,1.557630056381095,False,0.07359741977392571,0.9200479031324876,0.040808724428496694
CREATININE (mg/dL),2026-12-25,1.36991397684917,1.1731117369090793,1.5667162167892605,False,0.07359741977392571,0.9200479031324876,0.040808724428496694
CREATININE (mg/dL),2027-01-24,1.3759630798442872,1.17602267719684,1.5759034824917344,False,0.07359741977392571,0.9200479031324876,0.040808724428496694
CREATININE (mg/dL),2027-02-23,1.3820121828394043,1.1788371970367792,1.5851871686420294,False,0.07359741977392571,0.9200479031324876,0.040808724428496694
CREATININE (mg/dL),2027-03-25,1.3880612858345214,1.1815598272908643,1.5945627443781785,False,0.07359741977392571,0.9200479031324876,0.040808724428496694
DIASTOLIC BLOOD PRESSURE,2023-06-14,64.23345073241015,-27.08261793403024,155.54951939885052,True,1.826022572640679,0.31267509805491067,0.6222370568751092
DIASTOLIC BLOOD PRESSURE,2023-07-14,64.3835347794765,-25.34886013399685,154.11592969294986,False,1.826022572640679,0.31267509805491067,0.6222370568751092
DIASTOLIC BLOOD PRESSURE,2023-08-13,64.53361882654286,-23.677316980724683,152.74455463381042,False,1.826022572640679,0.31267509805491067,0.6222370568751092
DIASTOLIC BLOOD PRESSURE,2023-09-12,64.68370287360922,-22.07126179097392,151.43866753819236,False,1.826022572640679,0.31267509805491067,0.6222370568751092
DIASTOLIC BLOOD PRESSURE,2023-10-12,64.83378692067558,-20.534045374546224,150.20161921589738,False,1.826022572640679,0.31267509805491067,0.6222370568751092
DIASTOLIC BLOOD PRESSURE,2023-11-11,64.98387096774194,-19.069075955551696,149.03681789103558,False,1.826022572640679,0.31267509805491067,0.6222370568751092
DIASTOLIC BLOOD PRESSURE,2023-12-11,65.1339550148083,-17.679794936922363,147.94770496653894,False,1.826022572640679,0.31267509805491067,0.6222370568751092
DIASTOLIC BLOOD PRESSURE,2024-01-10,65.28403906187465,-16.36964839018337,146.93772651393266,False,1.826022572640679,0.31267509805491067,0.6222370568751092
DIASTOLIC BLOOD PRESSURE,2024-02-09,65.43412310894101,-15.142054306234499,146.01030052411653,False,1.826022572640679,0.31267509805491067,0.6222370568751092
DIASTOLIC BLOOD PRESSURE,2024-03-10,65.58420715600737,-14.000365834228347,145.16878014624308,False,1.826022572640679,0.31267509805491067,0.6222370568751092
DIASTOLIC BLOOD PRESSURE,2024-04-09,65.73429120307372,-12.947830960142795,144.41641336629024,False,1.826022572640679,0.31267509805491067,0.6222370568751092
DIASTOLIC BLOOD PRESSURE,2024-05-09,65.88437525014008,-11.987549325083762,143.75629982536393,False,1.826022572640679,0.31267509805491067,0.6222370568751092
DIASTOLIC BLOOD PRESSURE,2024-06-08,66.03445929720644,-11.122427141168131,143.19134573558102,False,1.826022572640679,0.31267509805491067,0.6222370568751092
DIASTOLIC BLOOD PRESSURE,2024-07-08,66.1845433442728,-10.355131410405662,142.72421809895127,False,1.826022572640679,0.31267509805491067,0.6222370568751092
DIASTOLIC BLOOD PRESSURE,2024-08-07,66.33462739133915,-9.6880448657747,142.35729964845302,False,1.826022572640679,0.31267509805491067,0.6222370568751092
DIASTOLIC BLOOD PRESSURE,2024-09-06,66.48471143840551,-9.123223208336356,142.09264608514738,False,1.826022572640679,0.31267509805491067,0.6222370568751092
DIASTOLIC BLOOD PRESSURE,2024-10-06,66.63479548547187,-8.66235628570925,141.931947256653,False,1.826022572640679,0.31267509805491067,0.6222370568751092
DIASTOLIC BLOOD PRESSURE,2024-11-05,66.78487953253821,-8.306734826399577,141.876493891476,False,1.826022572640679,0.31267509805491067,0.6222370568751092
DIASTOLIC BLOOD PRESSURE,2024-12-05,66.93496357960457,-8.057224200746504,141.92715135995564,False,1.826022572640679,0.31267509805491067,0.6222370568751092
DIASTOLIC BLOOD PRESSURE,2025-01-04,67.08504762667093,-7.914246423395255,142.0843416767371,False,1.826022572640679,0.31267509805491067,0.6222370568751092
DIASTOLIC BLOOD PRESSURE,2025-02-03,67.23513167373729,-7.877771257823042,142.3480346052976,False,1.826022572640679,0.31267509805491067,0.6222370568751092
DIASTOLIC BLOOD PRESSURE,2025-03-05,67.38521572080364,-7.947316856274696,142.717748297882,False,1.826022572640679,0.31267509805491067,0.6222370568751092
DIASTOLIC BLOOD PRESSURE,2025-04-04,67.53529976787,-8.121959903756931,143.19255943949693,False,1.826022572640679,0.31267509805491067,0.6222370568751092
DIASTOLIC BLOOD PRESSURE,2025-05-04,67.68538381493636,-8.400354772766534,143.77112240263926,False,1.826022572640679,0.31267509805491067,0.6222370568751092
DIASTOLIC BLOOD PRESSURE,2025-06-03,67.83546786200272,-8.780760776095804,144.45169650010124,False,1.826022572640679,0.31267509805491067,0.6222370568751092
DIASTOLIC BLOOD PRESSURE,2025-07-03,67.98555190906907,-9.261076262569404,145.23218008070756,False,1.826022572640679,0.31267509805491067,0.6222370568751092
DIASTOLIC BLOOD PRESSURE,2025-08-02,68.13563595613543,-9.8388780591645,146.11014997143536,False,1.826022572640679,0.31267509805491067,0.6222370568751092
DIASTOLIC BLOOD PRESSURE,2025-09-01,68.28572000320179,-10.511464634511597,147.08290464091516,False,1.826022572640679,0.31267509805491067,0.6222370568751092
DIASTOLIC BLOOD PRESSURE,2025-10-01,68.43580405026815,-11.275901342418308,148.1475094429546,False,1.826022572640679,0.31267509805491067,0.6222370568751092
DIASTOLIC BLOOD PRESSURE,2025-10-31,68.5858880973345,-12.129066187877328,149.30084238254634,False,1.826022572640679,0.31267509805491067,0.6222370568751092
DIASTOLIC BLOOD PRESSURE,2025-11-30,68.73597214440086,-13.06769472200611,150.53963901080783,False,1.826022572640679,0.31267509805491067,0.6222370568751092
DIASTOLIC BLOOD PRESSURE,2025-12-30,68.88605619146722,-14.088422892099146,151.86053527503358,False,1.826022572640679,0.31267509805491067,0.6222370568751092
DIASTOLIC BLOOD PRESSURE,2026-01-29,69.03614023853358,-15.187826923202238,153.2601074002694,False,1.826022572640679,0.31267509805491067,0.6222370568751092
DIASTOLIC BLOOD PRESSURE,2026-02-28,69.18622428559993,-16.362459565210813,154.7349081364107,False,1.826022572640679,0.31267509805491067,0.6222370568751092
DIASTOLIC BLOOD PRESSURE,2026-03-30,69.33630833266629,-17.608882285467573,156.28149895080014,False,1.826022572640679,0.31267509805491067,0.6222370568751092
DIASTOLIC BLOOD PRESSURE,2026-04-29,69.48639237973265,-18.923693207343646,157.89647796680896,False,1.826022572640679,0.31267509805491067,0.6222370568751092
DIASTOLIC BLOOD PRESSURE,2026-05-29,69.636476426799,-20.303550781766646,159.57650363536465,False,1.826022572640679,0.31267509805491067,0.6222370568751092
DIASTOLIC BLOOD PRESSURE,2026-06-28,69.78656047386536,-21.7451933272815,161.31831427501223,False,1.826022572640679,0.31267509805491067,0.6222370568751092
DIASTOLIC BLOOD PRESSURE,2026-07-28,69.93664452093172,-23.245454684993277,163.11874372685674,False,1.826022572640679,0.31267509805491067,0.6222370568751092
DIASTOLIC BLOOD PRESSURE,2026-08-27,70.08672856799808,-24.801276310409946,164.9747334464061,False,1.826022572640679,0.31267509805491067,0.6222370568751092
DIASTOLIC BLOOD PRESSURE,2026-09-26,70.23681261506444,-26.409716169261685,166.88334139939056,False,1.826022572640679,0.31267509805491067,0.6222370568751092
DIASTOLIC BLOOD PRESSURE,2026-10-26,70.3868966621308,-28.06795482415822,168.8417481484198,False,1.826022572640679,0.31267509805491067,0.6222370568751092
DIASTOLIC BLOOD PRESSURE,2026-11-25,70.53698070919715,-29.773299098944776,170.84726051733907,False,1.826022572640679,0.31267509805491067,0.6222370568751092
DIASTOLIC BLOOD PRESSURE,2026-12-25,70.68706475626351,-31.523183693004427,172.89731320553145,False,1.826022572640679,0.31267509805491067,0.6222370568751092
DIASTOLIC BLOOD PRESSURE,2027-01-24,70.83714880332987,-33.31517109309533,174.98946869975507,False,1.826022572640679,0.31267509805491067,0.6222370568751092
DIASTOLIC BLOOD PRESSURE,2027-02-23,70.98723285039623,-35.14695009942609,177.12141580021853,False,1.826022572640679,0.31267509805491067,0.6222370568751092
DIASTOLIC BLOOD PRESSURE,2027-03-25,71.13731689746258,-37.0163332486063,179.29096704353145,False,1.826022572640679,0.31267509805491067,0.6222370568751092
FBS 공복혈당 (mg/dL),2023-06-14,85.51864043134934,65.93341609154989,105.10386477114879,True,1.3507773938217609,0.29236003866279203,0.45929671846493103
FBS 공복혈당 (mg/dL),2023-07-14,85.62966323084154,66.35499575480213,104.90433070688096,False,1.3507773938217609,0.29236003866279203,0.45929671846493103
FBS 공복혈당 (mg/dL),2023-08-13,85.74068603033373,66.76710121274803,104.71427084791944,False,1.3507773938217609,0.29236003866279203,0.45929671846493103
FBS 공복혈당 (mg/dL),2023-09-12,85.85170882982594,67.16927440614997,104.53414325350191,False,1.3507773938217609,0.29236003866279203,0.45929671846493103
FBS 공복혈당 (mg/dL),2023-10-12,85.96273162931814,67.56104388589648,104.3644193727398,False,1.3507773938217609,0.29236003866279203,0.45929671846493103
FBS 공복혈당 (mg/dL),2023-11-11,86.07375442881033,67.94192638350708,104.20558247411358,False,1.3507773938217609,0.29236003866279203,0.45929671846493103
FBS 공복혈당 (mg/dL),2023-12-11,86.18477722830254,68.311428762805,104.05812569380008,False,1.3507773938217609,0.29236003866279203,0.45929671846493103
FBS 공복혈당 (mg/dL),2024-01-10,86.29580002779474,68.66905038072795,103.92254967486153,False,1.3507773938217609,0.29236003866279203,0.45929671846493103
FBS 공복혈당 (mg/dL),2024-02-09,86.40682282728693,69.01428587840444,103.79935977616942,False,1.3507773938217609,0.29236003866279203,0.45929671846493103
FBS 공복혈당 (mg/dL),2024-03-10,86.51784562677913,69.3466284141665,103.68906283939177,False,1.3507773938217609,0.29236003866279203,0.45929671846493103
FBS 공복혈당 (mg/dL),2024-04-09,86.62886842627134,69.66557333793978,103.5921635146029,False,1.3507773938217609,0.29236003866279203,0.45929671846493103
FBS 공복혈당 (mg/dL),2024-05-09,86.73989122576353,69.97062229144468,103.50916016008237,False,1.3507773938217609,0.29236003866279203,0.45929671846493103
FBS 공복혈당 (mg/dL),2024-06-08,86.85091402525573,70.26128770107906,103.44054034943241,False,1.3507773938217609,0.29236003866279203,0.45929671846493103
FBS 공복혈당 (mg/dL),2024-07-08,86.96193682474794,70.5370976107182,103.38677603877767,False,1.3507773938217609,0.29236003866279203,0.45929671846493103
FBS 공복혈당 (mg/dL),2024-08-07,87.07295962424013,70.79760078075378,103.34831846772647,False,1.3507773938217609,0.29236003866279203,0.45929671846493103
FBS 공복혈당 (mg/dL),2024-09-06,87.18398242373233,71.04237195859045,103.32559288887421,False,1.3507773938217609,0.29236003866279203,0.45929671846493103
FBS 공복혈당 (mg/dL),2024-10-06,87.29500522322454,71.27101720590768,103.31899324054139,False,1.3507773938217609,0.29236003866279203,0.45929671846493103
FBS 공복혈당 (mg/dL),2024-11-05,87.40602802271673,71.48317915084526,103.32887689458819,False,1.3507773938217609,0.29236003866279203,0.45929671846493103
FBS 공복혈당 (mg/dL),2024-12-05,87.51705082220893,71.67854202054423,103.35555962387363,False,1.3507773938217609,0.29236003866279203,0.45929671846493103
FBS 공복혈당 (mg/dL),2025-01-04,87.62807362170113,71.8568363027407,103.39931094066156,False,1.3507773938217609,0.29236003866279203,0.45929671846493103
FBS 공복혈당 (mg/dL),2025-02-03,87.73909642119332,72.01784288567212,103.46034995671452,False,1.3507773938217609,0.29236003866279203,0.45929671846493103
FBS 공복혈당 (mg/dL),2025-03-05,87.85011922068553,72.16139653424884,103.53884190712222,False,1.3507773938217609,0.29236003866279203,0.45929671846493103
FBS 공복혈당 (mg/dL),2025-04-04,87.96114202017773,72.28738857748581,103.63489546286965,False,1.3507773938217609,0.29236003866279203,0.45929671846493103
FBS 공복혈당 (mg/dL),2025-05-04,88.07216481966992,72.39576870706522,103.74856093227463,False,1.3507773938217609,0.29236003866279203,0.45929671846493103
FBS 공복혈당 (mg/dL),2025-06-03,88.18318761916213,72.48654581835368,103.87982941997058,False,1.3507773938217609,0.29236003866279203,0.45929671846493103
FBS 공복혈당 (mg/dL),2025-07-03,88.29421041865433,72.55978786130912,104.02863297599954,False,1.3507773938217609,0.29236003866279203,0.45929671846493103
FBS 공복혈당 (mg/dL),2025-08-02,88.40523321814652,72.61562070707113,104.19484572922191,False,1.3507773938217609,0.29236003866279203,0.45929671846493103
FBS 공복혈당 (mg/dL),2025-09-01,88.51625601763872,72.65422607398615,104.3782859612913,False,1.3507773938217609,0.29236003866279203,0.45929671846493103
FBS 공복혈당 (mg/dL),2025-10-01,88.62727881713093,72.6758385917669,104.57871904249495,False,1.3507773938217609,0.29236003866279203,0.45929671846493103
FBS 공복혈당 (mg/dL),2025-10-31,88.73830161662312,72.68074211214052,104.79586112110572,False,1.3507773938217609,0.29236003866279203,0.45929671846493103
FBS 공복혈당 (mg/dL),2025-11-30,88.84932441611532,72.66926539696321,105.02938343526743,False,1.3507773938217609,0.29236003866279203,0.45929671846493103
FBS 공복혈당 (mg/dL),2025-12-30,88.96034721560753,72.64177732933688,105.27891710187818,False,1.3507773938217609,0.29236003866279203,0.45929671846493103
FBS 공복혈당 (mg/dL),2026-01-29,89.07137001509973,72.59868179946349,105.54405823073597,False,1.3507773938217609,0.29236003866279203,0.45929671846493103
FBS 공복혈당 (mg/dL),2026-02-28,89.18239281459192,72.54041241523348,105.82437321395037,False,1.3507773938217609,0.29236003866279203,0.45929671846493103
FBS 공복혈당 (mg/dL),2026-03-30,89.29341561408413,72.46742717885965,106.1194040493086,False,1.3507773938217609,0.29236003866279203,0.45929671846493103
FBS 공복혈당 (mg/dL),2026-04-29,89.40443841357633,72.38020325664218,106.42867357051048,False,1.3507773938217609,0.29236003866279203,0.45929671846493103
FBS 공복혈당 (mg/dL),2026-05-29,89.51546121306852,72.27923195079987,106.75169047533717,False,1.3507773938217609,0.29236003866279203,0.45929671846493103
FBS 공복혈당 (mg/dL),2026-06-28,89.62648401256072,72.16501396187522,107.08795406324623,False,1.3507773938217609,0.29236003866279203,0.45929671846493103
FBS 공복혈당 (mg/dL),2026-07-28,89.73750681205293,72.03805500904231,107.43695861506355,False,1.3507773938217609,0.29236003866279203,0.45929671846493103
FBS 공복혈당 (mg/dL),2026-08-27,89.84852961154512,71.89886185501513,107.79819736807511,False,1.3507773938217609,0.29236003866279203,0.45929671846493103
FBS 공복혈당 (mg/dL),2026-09-26,89.95955241103732,71.74793876317139,108.17116605890325,False,1.3507773938217609,0.29236003866279203,0.45929671846493103
FBS 공복혈당 (mg/dL),2026-10-26,90.07057521052953,71.5857843976729,108.55536602338616,False,1.3507773938217609,0.29236003866279203,0.45929671846493103
FBS 공복혈당 (mg/dL),2026-11-25,90.18159801002172,71.41288916317748,108.95030685686595,False,1.3507773938217609,0.29236003866279203,0.45929671846493103
FBS 공복혈당 (mg/dL),2026-12-25,90.29262080951392,71.22973296934771,109.35550864968013,False,1.3507773938217609,0.29236003866279203,0.45929671846493103
FBS 공복혈당 (mg/dL),2027-01-24,90.40364360900612,71.03678339671275,109.7705038212995,False,1.3507773938217609,0.29236003866279203,0.45929671846493103
FBS 공복혈당 (mg/dL),2027-02-23,90.51466640849831,70.83449423433083,110.1948385826658,False,1.3507773938217609,0.29236003866279203,0.45929671846493103
FBS 공복혈당 (mg/dL),2027-03-25,90.62568920799052,70.62330435583233,110.6280740601487,False,1.3507773938217609,0.29236003866279203,0.45929671846493103
Free T4 (ng/mL),2023-06-14,1.6817769669182867,-4.14433189718856,7.507885831025134,True,-0.1584491087779489,0.4940568957296374,0.5037835867834106
Free T4 (ng/mL),2023-07-14,1.6687537524981813,-4.064744582686693,7.402252087683056,False,-0.1584491087779489,0.4940568957296374,0.5037835867834106
Free T4 (ng/mL),2023-08-13,1.655730538078076,-3.988606777505782,7.300067853661934,False,-0.1584491087779489,0.4940568957296374,0.5037835867834106
Free T4 (ng/mL),2023-09-12,1.6427073236579706,-3.916084470787866,7.201499118103807,False,-0.1584491087779489,0.4940568957296374,0.5037835867834106
Free T4 (ng/mL),2023-10-12,1.629684109237865,-3.847347076111152,7.106715294586882,False,-0.1584491087779489,0.4940568957296374,0.5037835867834106
Free T4 (ng/mL),2023-11-11,1.6166608948177599,-3.782566541209942,7.015888330845462,False,-0.1584491087779489,0.4940568957296374,0.5037835867834106
Free T4 (ng/mL),2023-12-11,1.6036376803976544,-3.7219162922895235,6.929191653084833,False,-0.1584491087779489,0.4940568957296374,0.5037835867834106
Free T4 (ng/mL),2024-01-10,1.590614465977549,-3.6655700090418946,6.846798940996992,False,-0.1584491087779489,0.4940568957296374,0.5037835867834106
Free T4 (ng/mL),2024-02-09,1.5775912515574435,-3.6137002317102773,6.768882734825164,False,-0.1584491087779489,0.4940568957296374,0.5037835867834106
Free T4 (ng/mL),2024-03-10,1.5645680371373383,-3.5664768079640803,6.695612882238756,False,-0.1584491087779489,0.4940568957296374,0.5037835867834106
Free T4 (ng/mL),2024-04-09,1.5515448227172328,-3.524065194809431,6.627154840243897,False,-0.1584491087779489,0.4940568957296374,0.5037835867834106
Free T4 (ng/mL),2024-05-09,1.5385216082971274,-3.486624639024787,6.563667855619042,False,-0.1584491087779489,0.4940568957296374,0.5037835867834106
Free T4 (ng/mL),2024-06-08,1.5254983938770221,-3.4543062682870795,6.505303056041124,False,-0.1584491087779489,0.4940568957296374,0.5037835867834106
Free T4 (ng/mL),2024-07-08,1.5124751794569167,-3.4272511337137277,6.452201492627561,False,-0.1584491087779489,0.4940568957296374,0.5037835867834106
Free T4 (ng/mL),2024-08-07,1.4994519650368112,-3.405588252344784,6.404492182418406,False,-0.1584491087779489,0.4940568957296374,0.5037835867834106
Free T4 (ng/mL),2024-09-06,1.4864287506167058,-3.389432704409743,6.362290205643155,False,-0.1584491087779489,0.4940568957296374,0.5037835867834106
Free T4 (ng/mL),2024-10-06,1.4734055361966005,-3.378883844340768,6.325694916733969,False,-0.1584491087779489,0.4940568957296374,0.5037835867834106
Free T4 (ng/mL),2024-11-05,1.460382321776495,-3.374023685761566,6.294788329314557,False,-0.1584491087779489,0.4940568957296374,0.5037835867834106
Free T4 (ng/mL),2024-12-05,1.4473591073563896,-3.374915518621045,6.269633733333825,False,-0.1584491087779489,0.4940568957296374,0.5037835867834106
Free T4 (ng/mL),2025-01-04,1.4343358929362844,-3.381602811029207,6.250274596901775,False,-0.1584491087779489,0.4940568957296374,0.5037835867834106
Free T4 (ng/mL),2025-02-03,1.421312678516179,-3.3941084392824656,6.236733796314823,False,-0.1584491087779489,0.4940568957296374,0.5037835867834106
Free T4 (ng/mL),2025-03-05,1.4082894640960735,-3.4124342774712426,6.22901320566339,False,-0.1584491087779489,0.4940568957296374,0.5037835867834106
Free T4 (ng/mL),2025-04-04,1.3952662496759682,-3.436561163701059,6.227093663052996,False,-0.1584491087779489,0.4940568957296374,0.5037835867834106
Free T4 (ng/mL),2025-05-04,1.3822430352558628,-3.46644924433809,6.230935314849816,False,-0.1584491087779489,0.4940568957296374,0.5037835867834106
Free T4 (ng/mL),2025-06-03,1.3692198208357573,-3.5020386819648883,6.2404783236364025,False,-0.1584491087779489,0.4940568957296374,0.5037835867834106
Free T4 (ng/mL),2025-07-03,1.356196606415652,-3.5432506980670175,6.255643910898321,False,-0.1584491087779489,0.4940568957296374,0.5037835867834106
Free T4 (ng/mL),2025-08-02,1.3431733919955466,-3.5899889089103043,6.276335692901397,False,-0.1584491087779489,0.4940568957296374,0.5037835867834106
Free T4 (ng/mL),2025-09-01,1.3301501775754412,-3.6421409034189374,6.30244125856982,False,-0.1584491087779489,0.4940568957296374,0.5037835867834106
Free T4 (ng/mL),2025-10-01,1.3171269631553357,-3.699580005621602,6.333833931932274,False,-0.1584491087779489,0.4940568957296374,0.5037835867834106
Free T4 (ng/mL),2025-10-31,1.3041037487352303,-3.7621671615493004,6.370374659019761,False,-0.1584491087779489,0.4940568957296374,0.5037835867834106
Free T4 (ng/mL),2025-11-30,1.291080534315125,-3.8297528911730274,6.411913959803277,False,-0.1584491087779489,0.4940568957296374,0.5037835867834106
Free T4 (ng/mL),2025-12-30,1.2780573198950196,-3.9021792496237424,6.458293889413781,False,-0.1584491087779489,0.4940568957296374,0.5037835867834106
Free T4 (ng/mL),2026-01-29,1.2650341054749141,-3.9792817479175575,6.509349958867386,False,-0.1584491087779489,0.4940568957296374,0.5037835867834106
Free T4 (ng/mL),2026-02-28,1.252010891054809,-4.060891190998749,6.564912973108367,False,-0.1584491087779489,0.4940568957296374,0.5037835867834106
Free T4 (ng/mL),2026-03-30,1.2389876766347034,-4.146835399387732,6.624810752657139,False,-0.1584491087779489,0.4940568957296374,0.5037835867834106
Free T4 (ng/mL),2026-04-29,1.225964462214598,-4.2369407894188065,6.6888697138480016,False,-0.1584491087779489,0.4940568957296374,0.5037835867834106
Free T4 (ng/mL),2026-05-29,1.2129412477944927,-4.3310337954225275,6.756916291011514,False,-0.1584491087779489,0.4940568957296374,0.5037835867834106
Free T4 (ng/mL),2026-06-28,1.1999180333743873,-4.428942124835608,6.828778191584382,False,-0.1584491087779489,0.4940568957296374,0.5037835867834106
Free T4 (ng/mL),2026-07-28,1.1868948189542818,-4.530495843833757,6.9042854817423205,False,-0.1584491087779489,0.4940568957296374,0.5037835867834106
Free T4 (ng/mL),2026-08-27,1.1738716045341766,-4.635528296537288,6.983271505605641,False,-0.1584491087779489,0.4940568957296374,0.5037835867834106
Free T4 (ng/mL),2026-09-26,1.1608483901140711,-4.743876865101768,7.065573645329911,False,-0.1584491087779489,0.4940568957296374,0.5037835867834106
Free T4 (ng/mL),2026-10-26,1.1478251756939657,-4.855383581127649,7.151033932515579,False,-0.1584491087779489,0.4940568957296374,0.5037835867834106
Free T4 (ng/mL),2026-11-25,1.1348019612738605,-4.969895600911915,7.239499523459637,False,-0.1584491087779489,0.4940568957296374,0.5037835867834106
Free T4 (ng/mL),2026-12-25,1.121778746853755,-5.087265558264025,7.330823051971534,False,-0.1584491087779489,0.4940568957296374,0.5037835867834106
Free T4 (ng/mL),2027-01-24,1.1087555324336495,-5.207351809074678,7.4248628739419775,False,-0.1584491087779489,0.4940568957296374,0.5037835867834106
Free T4 (ng/mL),2027-02-23,1.0957323180135443,-5.33001858171612,7.521483217743208,False,-0.1584491087779489,0.4940568957296374,0.5037835867834106
Free T4 (ng/mL),2027-03-25,1.0827091035934386,-5.455136046811939,7.620554253998817,False,-0.1584491087779489,0.4940568957296374,0.5037835867834106
GAMMA-GT(IU/L),2023-06-14,21.838927343171825,-116.47519666741624,160.1530513537599,True,2.5264463889251667,0.2751403944103435,0.6484759458861938
GAMMA-GT(IU/L),2023-07-14,22.046580471028687,-113.86879323132699,157.96195417338436,False,2.5264463889251667,0.2751403944103435,0.6484759458861938
GAMMA-GT(IU/L),2023-08-13,22.254233598885552,-111.35662473650353,155.86509193427463,False,2.5264463889251667,0.2751403944103435,0.6484759458861938
GAMMA-GT(IU/L),2023-09-12,22.461886726742414,-108.94364919249344,153.86742264597828,False,2.5264463889251667,0.2751403944103435,0.6484759458861938
GAMMA-GT(IU/L),2023-10-12,22.66953985459928,-106.634941985581,151.97402169477954,False,2.5264463889251667,0.2751403944103435,0.6484759458861938
GAMMA-GT(IU/L),2023-11-11,22.87719298245614,-104.43566546604147,150.19005143095376,False,2.5264463889251667,0.2751403944103435,0.6484759458861938
GAMMA-GT(IU/L),2023-12-11,23.084846110313002,-102.35103223926697,148.520724459893,False,2.5264463889251667,0.2751403944103435,0.6484759458861938
GAMMA-GT(IU/L),2024-01-10,23.292499238169867,-100.3862619820486,146.97126045838831,False,2.5264463889251667,0.2751403944103435,0.6484759458861938
GAMMA-GT(IU/L),2024-02-09,23.50015236602673,-98.54653183816932,145.54683657022278,False,2.5264463889251667,0.2751403944103435,0.6484759458861938
GAMMA-GT(IU/L),2024-03-10,23.70780549388359,-96.83692073726871,144.25253172503588,False,2.5264463889251667,0.2751403944103435,0.6484759458861938
GAMMA-GT(IU/L),2024-04-09,23.915458621740456,-95.26234832100336,143.09326556448428,False,2.5264463889251667,0.2751403944103435,0.6484759458861938
GAMMA-GT(IU/L),2024-05-09,24.123111749597317,-93.82750953682967,142.0737330360243,False,2.5264463889251667,0.2751403944103435,0.6484759458861938
GAMMA-GT(IU/L),2024-06-08,24.330764877454182,-92.53680635023964,141.198336105148,False,2.5264463889251667,0.2751403944103435,0.6484759458861938
GAMMA-GT(IU/L),2024-07-08,24.538418005311044,-91.39427840126707,140.47111441188918,False,2.5264463889251667,0.2751403944103435,0.6484759458861938
GAMMA-GT(IU/L),2024-08-07,24.746071133167906,-90.4035347548823,139.89567702121812,False,2.5264463889251667,0.2751403944103435,0.6484759458861938
GAMMA-GT(IU/L),2024-09-06,24.95372426102477,-89.56768912913782,139.47513765118737,False,2.5264463889251667,0.2751403944103435,0.6484759458861938
GAMMA-GT(IU/L),2024-10-06,25.161377388881633,-88.88930109319273,139.212055870956,False,2.5264463889251667,0.2751403944103435,0.6484759458861938
GAMMA-GT(IU/L),2024-11-05,25.369030516738498,-88.37032568064922,139.1083867141262,False,2.5264463889251667,0.2751403944103435,0.6484759458861938
GAMMA-GT(IU/L),2024-12-05,25.57668364459536,-88.01207364592496,139.16544093511567,False,2.5264463889251667,0.2751403944103435,0.6484759458861938
GAMMA-GT(IU/L),2025-01-04,25.78433677245222,-87.8151842038573,139.38385774876173,False,2.5264463889251667,0.2751403944103435,0.6484759458861938
GAMMA-GT(IU/L),2025-02-03,25.991989900309086,-87.779611555955,139.76359135657316,False,2.5264463889251667,0.2751403944103435,0.6484759458861938
GAMMA-GT(IU/L),2025-03-05,26.199643028165948,-87.90462585969271,140.30391191602462,False,2.5264463889251667,0.2751403944103435,0.6484759458861938
GAMMA-GT(IU/L),2025-04-04,26.40729615602281,-88.18882859336068,141.0034209054063,False,2.5264463889251667,0.2751403944103435,0.6484759458861938
GAMMA-GT(IU/L),2025-05-04,26.614949283879675,-88.63018156924372,141.86008013700308,False,2.5264463889251667,0.2751403944103435,0.6484759458861938
GAMMA-GT(IU/L),2025-06-03,26.822602411736536,-89.22604821275182,142.87125303622489,False,2.5264463889251667,0.2751403944103435,0.6484759458861938
GAMMA-GT(IU/L),2025-07-03,27.0302555395934,-89.9732452063644,144.0337562855512,False,2.5264463889251667,0.2751403944103435,0.6484759458861938
GAMMA-GT(IU/L),2025-08-02,27.237908667450263,-90.86810223160549,145.34391956650603,False,2.5264463889251667,0.2751403944103435,0.6484759458861938
GAMMA-GT(IU/L),2025-09-01,27.44556179530713,-91.90652734769937,146.7976509383136,False,2.5264463889251667,0.2751403944103435,0.6484759458861938
GAMMA-GT(IU/L),2025-10-01,27.65321492316399,-93.08407552078383,148.3905053671118,False,2.5264463889251667,0.2751403944103435,0.6484759458861938
GAMMA-GT(IU/L),2025-10-31,27.86086805102085,-94.3960179445173,150.117754046559,False,2.5264463889251667,0.2751403944103435,0.6484759458861938
GAMMA-GT(IU/L),2025-11-30,28.068521178877717,-95.83741004130067,151.9744523990561,False,2.5264463889251667,0.2751403944103435,0.6484759458861938
GAMMA-GT(IU/L),2025-12-30,28.27617430673458,-97.4031563661604,153.95550497962955,False,2.5264463889251667,0.2751403944103435,0.6484759458861938
GAMMA-GT(IU/L),2026-01-29,28.48382743459144,-99.0880710143536,156.0557258835365,False,2.5264463889251667,0.2751403944103435,0.6484759458861938
GAMMA-GT(IU/L),2026-02-28,28.691480562448305,-100.88693252392488,158.2698936488215,False,2.5264463889251667,0.2751403944103435,0.6484759458861938
GAMMA-GT(IU/L),2026-03-30,28.899133690305167,-102.79453263701423,160.59280001762457,False,2.5264463889251667,0.2751403944103435,0.6484759458861938
GAMMA-GT(IU/L),2026-04-29,29.10678681816203,-104.80571861771458,163.01929225403862,False,2.5264463889251667,0.2751403944103435,0.6484759458861938
GAMMA-GT(IU/L),2026-05-29,29.314439946018894,-106.91542910673238,165.54430899877016,False,2.5264463889251667,0.2751403944103435,0.6484759458861938
GAMMA-GT(IU/L),2026-06-28,29.522093073875755,-109.11872371822052,168.16290986597204,False,2.5264463889251667,0.2751403944103435,0.6484759458861938
GAMMA-GT(IU/L),2026-07-28,29.72974620173262,-111.41080675192136,170.8702991553866,False,2.5264463889251667,0.2751403944103435,0.6484759458861938
GAMMA-GT(IU/L),2026-08-27,29.937399329589482,-113.7870455083731,173.66184416755206,False,2.5264463889251667,0.2751403944103435,0.6484759458861938
GAMMA-GT(IU/L),2026-09-26,30.145052457446347,-116.24298376318083,176.53308867807354,False,2.5264463889251667,0.2751403944103435,0.6484759458861938
GAMMA-GT(IU/L),2026-10-26,30.35270558530321,-118.77435098632138,179.4797621569278,False,2.5264463889251667,0.2751403944103435,0.6484759458861938
GAMMA-GT(IU/L),2026-11-25,30.56035871316007,-121.37706789244996,182.4977853187701,False,2.5264463889251667,0.2751403944103435,0.6484759458861938
GAMMA-GT(IU/L),2026-12-25,30.768011841016936,-124.04724888604287,185.58327256807675,False,2.5264463889251667,0.2751403944103435,0.6484759458861938
GAMMA-GT(IU/L),2027-01-24,30.975664968873797,-126.7812019278595,188.7325318656071,False,2.5264463889251667,0.2751403944103435,0.6484759458861938
GAMMA-GT(IU/L),2027-02-23,31.18331809673066,-129.57542630242642,191.94206249588774,False,2.5264463889251667,0.2751403944103435,0.6484759458861938
GAMMA-GT(IU/L),2027-03-25,31.390971224587524,-132.42660871464594,195.208551163821,False,2.5264463889251667,0.2751403944103435,0.6484759458861938
GOT (AST) (IU/L),2023-06-14,35.30151691965044,-0.6170350939239952,71.22006893322487,True,-0.41902412719544,0.1340713205410067,0.7613462768444383
GOT (AST) (IU/L),2023-07-14,35.2670765804289,-0.02854817730558068,70.56270133816338,False,-0.41902412719544,0.1340713205410067,0.7613462768444383
GOT (AST) (IU/L),2023-08-13,35.23263624120735,0.535467032872404,69.9298054495423,False,-0.41902412719544,0.1340713205410067,0.7613462768444383
GOT (AST) (IU/L),2023-09-12,35.19819590198581,1.0737229998157858,69.32266880415584,False,-0.41902412719544,0.1340713205410067,0.7613462768444383
GOT (AST) (IU/L),2023-10-12,35.163755562764266,1.5849017053717276,68.74260942015681,False,-0.41902412719544,0.1340713205410067,0.7613462768444383
GOT (AST) (IU/L),2023-11-11,35.129315223542726,2.0676625478612323,68.19096789922422,False,-0.41902412719544,0.1340713205410067,0.7613462768444383
GOT (AST) (IU/L),2023-12-11,35.09487488432118,2.5206518749422884,67.66909789370007,False,-0.41902412719544,0.1340713205410067,0.7613462768444383
GOT (AST) (IU/L),2024-01-10,35.06043454509964,2.942514197913674,67.1783548922856,False,-0.41902412719544,0.1340713205410067,0.7613462768444383
GOT (AST) (IU/L),2024-02-09,35.02599420587809,3.3319050733963635,66.72008333835981,False,-0.41902412719544,0.1340713205410067,0.7613462768444383
GOT (AST) (IU/L),2024-03-10,34.99155386665655,3.6875055630698164,66.29560217024328,False,-0.41902412719544,0.1340713205410067,0.7613462768444383
GOT (AST) (IU/L),2024-04-09,34.957113527435006,4.008038093830084,65.90618896103993,False,-0.41902412719544,0.1340713205410067,0.7613462768444383
GOT (AST) (IU/L),2024-05-09,34.922673188213466,4.292283443015567,65.55306293341137,False,-0.41902412719544,0.1340713205410067,0.7613462768444383
GOT (AST) (IU/L),2024-06-08,34.888232848991926,4.539098471936573,65.23736722604728,False,-0.41902412719544,0.1340713205410067,0.7613462768444383
GOT (AST) (IU/L),2024-07-08,34.85379250977038,4.747434133565491,64.96015088597527,False,-0.41902412719544,0.1340713205410067,0.7613462768444383
GOT (AST) (IU/L),2024-08-07,34.81935217054884,4.916353196156951,64.72235114494073,False,-0.41902412719544,0.1340713205410067,0.7613462768444383
GOT (AST) (IU/L),2024-09-06,34.78491183132729,5.045047063736909,64.52477659891767,False,-0.41902412719544,0.1340713205410067,0.7613462768444383
GOT (AST) (IU/L),2024-10-06,34.75047149210575,5.13285104628455,64.36809193792695,False,-0.41902412719544,0.1340713205410067,0.7613462768444383
GOT (AST) (IU/L),2024-11-05,34.716031152884206,5.17925744455632,64.2528048612121,False,-0.41902412719544,0.1340713205410067,0.7613462768444383
GOT (AST) (IU/L),2024-12-05,34.681590813662666,5.1839258710389196,64.17925575628641,False,-0.41902412719544,0.1340713205410067,0.7613462768444383
GOT (AST) (IU/L),2025-01-04,34.64715047444112,5.146690329153564,64.14761061972868,False,-0.41902412719544,0.1340713205410067,0.7613462768444383
GOT (AST) (IU/L),2025-02-03,34.61271013521958,5.0675627122300355,64.15785755820912,False,-0.41902412719544,0.1340713205410067,0.7613462768444383
GOT (AST) (IU/L),2025-03-05,34.57826979599803,4.94673255179227,64.2098070402038,False,-0.41902412719544,0.1340713205410067,0.7613462768444383
GOT (AST) (IU/L),2025-04-04,34.54382945677649,4.784563027487593,64.30309588606539,False,-0.41902412719544,0.1340713205410067,0.7613462768444383
GOT (AST) (IU/L),2025-05-04,34.509389117554946,4.581583432705099,64.43719480240479,False,-0.41902412719544,0.1340713205410067,0.7613462768444383
GOT (AST) (IU/L),2025-06-03,34.474948778333406,4.33847845487081,64.611419101796,False,-0.41902412719544,0.1340713205410067,0.7613462768444383
GOT (AST) (IU/L),2025-07-03,34.440508439111866,4.056074764122407,64.82494211410133,False,-0.41902412719544,0.1340713205410067,0.7613462768444383
GOT (AST) (IU/L),2025-08-02,34.40606809989032,3.735325499020579,65.07681070076006,False,-0.41902412719544,0.1340713205410067,0.7613462768444383
GOT (AST) (IU/L),2025-09-01,34.37162776066878,3.377293288480807,65.36596223285676,False,-0.41902412719544,0.1340713205410067,0.7613462768444383
GOT (AST) (IU/L),2025-10-01,34.33718742144723,2.9831324555422007,65.69124238735226,False,-0.41902412719544,0.1340713205410067,0.7613462768444383
GOT (AST) (IU/L),2025-10-31,34.30274708222569,2.55407101562081,66.05142314883058,False,-0.41902412719544,0.1340713205410067,0.7613462768444383
GOT (AST) (IU/L),2025-11-30,34.268306743004146,2.0913930173916953,66.4452204686166,False,-0.41902412719544,0.1340713205410067,0.7613462768444383
GOT (AST) (IU/L),2025-12-30,34.233866403782606,1.596421688013507,66.8713111195517,False,-0.41902412719544,0.1340713205410067,0.7613462768444383
GOT (AST) (IU/L),2026-01-29,34.19942606456106,1.070503745983551,67.32834838313858,False,-0.41902412719544,0.1340713205410067,0.7613462768444383
GOT (AST) (IU/L),2026-02-28,34.16498572533952,0.5149951435892319,67.81497630708981,False,-0.41902412719544,0.1340713205410067,0.7613462768444383
GOT (AST) (IU/L),2026-03-30,34.13054538611797,-0.06875159583039903,68.32984236806635,False,-0.41902412719544,0.1340713205410067,0.7613462768444383
GOT (AST) (IU/L),2026-04-29,34.09610504689643,-0.6793983673347626,68.87160846112764,False,-0.41902412719544,0.1340713205410067,0.7613462768444383
GOT (AST) (IU/L),2026-05-29,34.06166470767489,-1.3156307954156148,69.4389602107654,False,-0.41902412719544,0.1340713205410067,0.7613462768444383
GOT (AST) (IU/L),2026-06-28,34.027224368453346,-1.9761659199466095,70.0306146568533,False,-0.41902412719544,0.1340713205410067,0.7613462768444383
GOT (AST) (IU/L),2026-07-28,33.99278402923181,-2.659758353948071,70.64532641241169,False,-0.41902412719544,0.1340713205410067,0.7613462768444383
GOT (AST) (IU/L),2026-08-27,33.95834369001026,-3.3652050398308333,71.28189241985135,False,-0.41902412719544,0.1340713205410067,0.7613462768444383
GOT (AST) (IU/L),2026-09-26,33.92390335078872,-4.091348748505979,71.93915545008342,False,-0.41902412719544,0.1340713205410067,0.7613462768444383
GOT (AST) (IU/L),2026-10-26,33.88946301156717,-4.837080473529944,72.61600649666428,False,-0.41902412719544,0.1340713205410067,0.7613462768444383
GOT (AST) (IU/L),2026-11-25,33.85502267234563,-5.601340872453925,73.31138621714518,False,-0.41902412719544,0.1340713205410067,0.7613462768444383
GOT (AST) (IU/L),2026-12-25,33.82058233312409,-6.383120901798655,74.02428556804682,False,-0.41902412719544,0.1340713205410067,0.7613462768444383
GOT (AST) (IU/L),2027-01-24,33.78614199390255,-7.181461782376196,74.7537457701813,False,-0.41902412719544,0.1340713205410067,0.7613462768444383
GOT (AST) (IU/L),2027-02-23,33.751701654681,-7.995454419531775,75.49885772889377,False,-0.41902412719544,0.1340713205410067,0.7613462768444383
GOT (AST) (IU/L),2027-03-25,33.71726131545946,-8.824238389478936,76.25876102039786,False,-0.41902412719544,0.1340713205410067,0.7613462768444383
GPT (ALT)(IU/L),2023-06-14,36.8005388280595,13.039495874519428,60.56158178159957,True,-5.808673910021191,0.9855048594253333,0.07683271029505064
GPT (ALT)(IU/L),2023-07-14,36.32311357518105,12.974152970543855,59.67207417981824,False,-5.808673910021191,0.9855048594253333,0.07683271029505064
GPT (ALT)(IU/L),2023-08-13,35.84568832230259,12.89262140540907,58.79875523919611,False,-5.808673910021191,0.9855048594253333,0.07683271029505064
GPT (ALT)(IU/L),2023-09-12,35.36826306942414,12.794049440518833,57.94247669832944,False,-5.808673910021191,0.9855048594253333,0.07683271029505064
GPT (ALT)(IU/L),2023-10-12,34.890837816545684,12.677565173076754,57.10411046001461,False,-5.808673910021191,0.9855048594253333,0.07683271029505064
GPT (ALT)(IU/L),2023-11-11,34.41341256366723,12.542281760704942,56.28454336662952,False,-5.808673910021191,0.9855048594253333,0.07683271029505064
GPT (ALT)(IU/L),2023-12-11,33.935987310788775,12.387303727677352,55.4846708939002,False,-5.808673910021191,0.9855048594253333,0.07683271029505064
GPT (ALT)(IU/L),2024-01-10,33.45856205791032,12.211734383469249,54.70538973235139,False,-5.808673910021191,0.9855048594253333,0.07683271029505064
GPT (ALT)(IU/L),2024-02-09,32.981136805031866,12.014684344319694,53.94758926574404,False,-5.808673910021191,0.9855048594253333,0.07683271029505064
GPT (ALT)(IU/L),2024-03-10,32.50371155215342,11.795281098717762,53.21214200558907,False,-5.808673910021191,0.9855048594253333,0.07683271029505064
GPT (ALT)(IU/L),2024-04-09,32.02628629927496,11.552679499303718,52.499893099246194,False,-5.808673910021191,0.9855048594253333,0.07683271029505064
GPT (ALT)(IU/L),2024-05-09,31.548861046396507,11.286072999031326,51.81164909376169,False,-5.808673910021191,0.9855048594253333,0.07683271029505064
GPT (ALT)(IU/L),2024-06-08,31.071435793518052,10.994705382352215,51.14816620468389,False,-5.808673910021191,0.9855048594253333,0.07683271029505064
GPT (ALT)(IU/L),2024-07-08,30.594010540639598,10.677882677764583,50.51013840351462,False,-5.808673910021191,0.9855048594253333,0.07683271029505064
GPT (ALT)(IU/L),2024-08-07,30.116585287761147,10.334984882442292,49.89818569308,False,-5.808673910021191,0.9855048594253333,0.07683271029505064
GPT (ALT)(IU/L),2024-09-06,29.639160034882693,9.965477089419611,49.31284298034578,False,-5.808673910021191,0.9855048594253333,0.07683271029505064
GPT (ALT)(IU/L),2024-10-06,29.16173478200424,9.568919589207969,48.75454997480051,False,-5.808673910021191,0.9855048594253333,0.07683271029505064
GPT (ALT)(IU/L),2024-11-05,28.684309529125784,9.14497652574256,48.223642532509004,False,-5.808673910021191,0.9855048594253333,0.07683271029505064
GPT (ALT)(IU/L),2024-12-05,28.20688427624733,8.693422723957259,47.720345828537404,False,-5.808673910021191,0.9855048594253333,0.07683271029505064
GPT (ALT)(IU/L),2025-01-04,27.729459023368875,8.214148372859768,47.24476967387798,False,-5.808673910021191,0.9855048594253333,0.07683271029505064
GPT (ALT)(IU/L),2025-02-03,27.25203377049042,7.707161340192627,46.796906200788214,False,-5.808673910021191,0.9855048594253333,0.07683271029505064
GPT (ALT)(IU/L),2025-03-05,26.774608517611966,7.172587005917702,46.37663002930623,False,-5.808673910021191,0.9855048594253333,0.07683271029505064
GPT (ALT)(IU/L),2025-04-04,26.297183264733512,6.610665622682038,45.98370090678499,False,-5.808673910021191,0.9855048594253333,0.07683271029505064
GPT (ALT)(IU/L),2025-05-04,25.819758011855058,6.021747331631335,45.61776869207878,False,-5.808673910021191,0.9855048594253333,0.07683271029505064
GPT (ALT)(IU/L),2025-06-03,25.342332758976603,5.406285071050327,45.27838044690288,False,-5.808673910021191,0.9855048594253333,0.07683271029505064
GPT (ALT)(IU/L),2025-07-03,24.86490750609815,4.764825704427341,44.96498930776896,False,-5.808673910021191,0.9855048594253333,0.07683271029505064
GPT (ALT)(IU/L),2025-08-02,24.387482253219694,4.097999757354636,44.67696474908475,False,-5.808673910021191,0.9855048594253333,0.07683271029505064
GPT (ALT)(IU/L),2025-09-01,23.910057000341244,3.4065101861010163,44.41360381458147,False,-5.808673910021191,0.9855048594253333,0.07683271029505064
GPT (ALT)(IU/L),2025-10-01,23.43263174746279,2.691120604948704,44.17414288997688,False,-5.808673910021191,0.9855048594253333,0.07683271029505064
GPT (ALT)(IU/L),2025-10-31,22.955206494584335,1.952643377576436,43.957769611592234,False,-5.808673910021191,0.9855048594253333,0.07683271029505064
GPT (ALT)(IU/L),2025-11-30,22.47778124170588,1.1919279351002317,43.76363454831153,False,-5.808673910021191,0.9855048594253333,0.07683271029505064
GPT (ALT)(IU/L),2025-12-30,22.00035598882743,0.4098496262073539,43.590862351447505,False,-5.808673910021191,0.9855048594253333,0.07683271029505064
GPT (ALT)(IU/L),2026-01-29,21.522930735948975,-0.3927006602921672,43.438562132190114,False,-5.808673910021191,0.9855048594253333,0.07683271029505064
GPT (ALT)(IU/L),2026-02-28,21.04550548307052,-1.2148259271994668,43.30583689334051,False,-5.808673910021191,0.9855048594253333,0.07683271029505064
GPT (ALT)(IU/L),2026-03-30,20.568080230192066,-2.0556314456528995,43.19179190603703,False,-5.808673910021191,0.9855048594253333,0.07683271029505064
GPT (ALT)(IU/L),2026-04-29,20.090654977313612,-2.914232024931035,43.09554197955826,False,-5.808673910021191,0.9855048594253333,0.07683271029505064
GPT (ALT)(IU/L),2026-05-29,19.613229724435158,-3.7897581719402673,43.01621762081058,False,-5.808673910021191,0.9855048594253333,0.07683271029505064
GPT (ALT)(IU/L),2026-06-28,19.135804471556703,-4.681361175667444,42.952970118780854,False,-5.808673910021191,0.9855048594253333,0.07683271029505064
GPT (ALT)(IU/L),2026-07-28,18.65837921867825,-5.588217180699186,42.90497561805569,False,-5.808673910021191,0.9855048594253333,0.07683271029505064
GPT (ALT)(IU/L),2026-08-27,18.180953965799795,-6.509530333599049,42.871438265198634,False,-5.808673910021191,0.9855048594253333,0.07683271029505064
GPT (ALT)(IU/L),2026-09-26,17.70352871292134,-7.444535097658353,42.85159252350103,False,-5.808673910021191,0.9855048594253333,0.07683271029505064
GPT (ALT)(IU/L),2026-10-26,17.226103460042886,-8.392497836684552,42.84470475677033,False,-5.808673910021191,0.9855048594253333,0.07683271029505064
GPT (ALT)(IU/L),2026-11-25,16.74867820716443,-9.352717768490798,42.85007418281966,False,-5.808673910021191,0.9855048594253333,0.07683271029505064
GPT (ALT)(IU/L),2026-12-25,16.27125295428598,-10.32452738494803,42.867033293519995,False,-5.808673910021191,0.9855048594253333,0.07683271029505064
GPT (ALT)(IU/L),2027-01-24,15.793827701407526,-11.307292429044477,42.894947831859525,False,-5.808673910021191,0.9855048594253333,0.07683271029505064
GPT (ALT)(IU/L),2027-02-23,15.316402448529072,-12.30041151136075,42.93321640841889,False,-5.808673910021191,0.9855048594253333,0.07683271029505064
GPT (ALT)(IU/L),2027-03-25,14.838977195650617,-13.303315439504548,42.981269830805786,False,-5.808673910021191,0.9855048594253333,0.07683271029505064
HBs Ab titer,2023-06-14,92.5,92.5,92.5,True,32.307432432432435,1.0,0.0
HBs Ab titer,2023-07-14,95.1554054054054,95.1554054054054,95.1554054054054,False,32.307432432432435,1.0,0.0
HBs Ab titer,2023-08-13,97.8108108108108,97.8108108108108,97.8108108108108,False,32.307432432432435,1.0,0.0
HBs Ab titer,2023-09-12,100.46621621621621,100.46621621621621,100.46621621621621,False,32.307432432432435,1.0,0.0
HBs Ab titer,2023-10-12,103.12162162162161,103.12162162162161,103.12162162162161,False,32.307432432432435,1.0,0.0
HBs Ab titer,2023-11-11,105.77702702702703,105.77702702702703,105.77702702702703,False,32.307432432432435,1.0,0.0
HBs Ab titer,2023-12-11,108.43243243243244,108.43243243243244,108.43243243243244,False,32.307432432432435,1.0,0.0
HBs Ab titer,2024-01-10,111.08783783783784,111.08783783783784,111.08783783783784,False,32.307432432432435,1.0,0.0
HBs Ab titer,2024-02-09,113.74324324324324,113.74324324324324,113.74324324324324,False,32.307432432432435,1.0,0.0
HBs Ab titer,2024-03-10,116.39864864864865,116.39864864864865,116.39864864864865,False,32.307432432432435,1.0,0.0
HBs Ab titer,2024-04-09,119.05405405405405,119.05405405405405,119.05405405405405,False,32.307432432432435,1.0,0.0
HBs Ab titer,2024-05-09,121.70945945945945,121.70945945945945,121.70945945945945,False,32.307432432432435,1.0,0.0
HBs Ab titer,2024-06-08,124.36486486486487,124.36486486486487,124.36486486486487,False,32.307432432432435,1.0,0.0
HBs Ab titer,2024-07-08,127.02027027027026,127.02027027027026,127.02027027027026,False,32.307432432432435,1.0,0.0
HBs Ab titer,2024-08-07,129.67567567567568,129.67567567567568,129.67567567567568,False,32.307432432432435,1.0,0.0
HBs Ab titer,2024-09-06,132.3310810810811,132.3310810810811,132.3310810810811,False,32.307432432432435,1.0,0.0
HBs Ab titer,2024-10-06,134.98648648648648,134.98648648648648,134.98648648648648,False,32.307432432432435,1.0,0.0
HBs Ab titer,2024-11-05,137.64189189189187,137.64189189189187,137.64189189189187,False,32.307432432432435,1.0,0.0
HBs Ab titer,2024-12-05,140.2972972972973,140.2972972972973,140.2972972972973,False,32.307432432432435,1.0,0.0
HBs Ab titer,2025-01-04,142.9527027027027,142.9527027027027,142.9527027027027,False,32.307432432432435,1.0,0.0
HBs Ab titer,2025-02-03,145.6081081081081,145.6081081081081,145.6081081081081,False,32.307432432432435,1.0,0.0
HBs Ab titer,2025-03-05,148.26351351351352,148.26351351351352,148.26351351351352,False,32.307432432432435,1.0,0.0
HBs Ab titer,2025-04-04,150.9189189189189,150.9189189189189,150.9189189189189,False,32.307432432432435,1.0,0.0
HBs Ab titer,2025-05-04,153.57432432432432,153.57432432432432,153.57432432432432,False,32.307432432432435,1.0,0.0
HBs Ab titer,2025-06-03,156.22972972972974,156.22972972972974,156.22972972972974,False,32.307432432432435,1.0,0.0
HBs Ab titer,2025-07-03,158.88513513513513,158.88513513513513,158.88513513513513,False,32.307432432432435,1.0,0.0
HBs Ab titer,2025-08-02,161.54054054054052,161.54054054054052,161.54054054054052,False,32.307432432432435,1.0,0.0
HBs Ab titer,2025-09-01,164.19594594594594,164.19594594594594,164.19594594594594,False,32.307432432432435,1.0,0.0
HBs Ab titer,2025-10-01,166.85135135135135,166.85135135135135,166.85135135135135,False,32.307432432432435,1.0,0.0
HBs Ab titer,2025-10-31,169.50675675675677,169.50675675675677,169.50675675675677,False,32.307432432432435,1.0,0.0
HBs Ab titer,2025-11-30,172.16216216216216,172.16216216216216,172.16216216216216,False,32.307432432432435,1.0,0.0
HBs Ab titer,2025-12-30,174.81756756756755,174.81756756756755,174.81756756756755,False,32.307432432432435,1.0,0.0
HBs Ab titer,2026-01-29,177.47297297297297,177.47297297297297,177.47297297297297,False,32.307432432432435,1.0,0.0
HBs Ab titer,2026-02-28,180.1283783783784,180.1283783783784,180.1283783783784,False,32.307432432432435,1.0,0.0
HBs Ab titer,2026-03-30,182.78378378378378,182.78378378378378,182.78378378378378,False,32.307432432432435,1.0,0.0
HBs Ab titer,2026-04-29,185.4391891891892,185.4391891891892,185.4391891891892,False,32.307432432432435,1.0,0.0
HBs Ab titer,2026-05-29,188.09459459459458,188.09459459459458,188.09459459459458,False,32.307432432432435,1.0,0.0
HBs Ab titer,2026-06-28,190.75,190.75,190.75,False,32.307432432432435,1.0,0.0
HBs Ab titer,2026-07-28,193.40540540540542,193.40540540540542,193.40540540540542,False,32.307432432432435,1.0,0.0
HBs Ab titer,2026-08-27,196.0608108108108,196.0608108108108,196.0608108108108,False,32.307432432432435,1.0,0.0
HBs Ab titer,2026-09-26,198.7162162162162,198.7162162162162,198.7162162162162,False,32.307432432432435,1.0,0.0
HBs Ab titer,2026-10-26,201.3716216216216,201.3716216216216,201.3716216216216,False,32.307432432432435,1.0,0.0
HBs Ab titer,2026-11-25,204.02702702702703,204.02702702702703,204.02702702702703,False,32.307432432432435,1.0,0.0
HBs Ab titer,2026-12-25,206.68243243243245,206.68243243243245,206.68243243243245,False,32.307432432432435,1.0,0.0
HBs Ab titer,2027-01-24,209.33783783783784,209.33783783783784,209.33783783783784,False,32.307432432432435,1.0,0.0
HBs Ab titer,2027-02-23,211.99324324324323,211.99324324324323,211.99324324324323,False,32.307432432432435,1.0,0.0
HBs Ab titer,2027-03-25,214.64864864864865,214.64864864864865,214.64864864864865,False,32.307432432432435,1.0,0.0
HDL CHOLESTEROL(mg/dL),2023-06-14,61.94639831732533,53.75777835561283,70.13501827903784,True,1.3901038242747994,0.7145338730044755,0.15469894534285866
HDL CHOLESTEROL(mg/dL),2023-07-14,62.060653426169836,54.001877886441534,70.11942896589814,False,1.3901038242747994,0.7145338730044755,0.15469894534285866
HDL CHOLESTEROL(mg/dL),2023-08-13,62.17490853501434,54.2420162338114,70.10780083621728,False,1.3901038242747994,0.7145338730044755,0.15469894534285866
HDL CHOLESTEROL(mg/dL),2023-09-12,62.28916364385884,54.47800188227422,70.10032540544346,False,1.3901038242747994,0.7145338730044755,0.15469894534285866
HDL CHOLESTEROL(mg/dL),2023-10-12,62.403418752703345,54.709637718049855,70.09719978735683,False,1.3901038242747994,0.7145338730044755,0.15469894534285866
HDL CHOLESTEROL(mg/dL),2023-11-11,62.517673861547856,54.936721685657226,70.09862603743848,False,1.3901038242747994,0.7145338730044755,0.15469894534285866
HDL CHOLESTEROL(mg/dL),2023-12-11,62.63192897039236,55.15904760391242,70.1048103368723,False,1.3901038242747994,0.7145338730044755,0.15469894534285866
HDL CHOLESTEROL(mg/dL),2024-01-10,62.74618407923686,55.37640615298831,70.11596200548541,False,1.3901038242747994,0.7145338730044755,0.15469894534285866
HDL CHOLESTEROL(mg/dL),2024-02-09,62.860439188081365,55.588586041368835,70.1322923347939,False,1.3901038242747994,0.7145338730044755,0.15469894534285866
HDL CHOLESTEROL(mg/dL),2024-03-10,62.97469429692587,55.795375357577896,70.15401323627384,False,1.3901038242747994,0.7145338730044755,0.15469894534285866
HDL CHOLESTEROL(mg/dL),2024-04-09,63.08894940577037,55.996563106448875,70.18133570509187,False,1.3901038242747994,0.7145338730044755,0.15469894534285866
HDL CHOLESTEROL(mg/dL),2024-05-09,63.203204514614875,56.191940923426685,70.21446810580306,False,1.3901038242747994,0.7145338730044755,0.15469894534285866
HDL CHOLESTEROL(mg/dL),2024-06-08,63.31745962345938,56.38130495305056,70.2536142938682,False,1.3901038242747994,0.7145338730044755,0.15469894534285866
HDL CHOLESTEROL(mg/dL),2024-07-08,63.43171473230389,56.56445786955716,70.29897159505062,False,1.3901038242747994,0.7145338730044755,0.15469894534285866
HDL CHOLESTEROL(mg/dL),2024-08-07,63.54596984114839,56.741211008798395,70.35072867349838,False,1.3901038242747994,0.7145338730044755,0.15469894534285866
HDL CHOLESTEROL(mg/dL),2024-09-06,63.660224949992894,56.91138657184636,70.40906332813944,False,1.3901038242747994,0.7145338730044755,0.15469894534285866
HDL CHOLESTEROL(mg/dL),2024-10-06,63.7744800588374,57.07481985233162,70.47414026534318,False,1.3901038242747994,0.7145338730044755,0.15469894534285866
HDL CHOLESTEROL(mg/dL),2024-11-05,63.8887351676819,57.23136143239217,70.54610890297164,False,1.3901038242747994,0.7145338730044755,0.15469894534285866
HDL CHOLESTEROL(mg/dL),2024-12-05,64.0029902765264,57.38087928678837,70.62510126626444,False,1.3901038242747994,0.7145338730044755,0.15469894534285866
HDL CHOLESTEROL(mg/dL),2025-01-04,64.11724538537091,57.5232607319244,70.71123003881742,False,1.3901038242747994,0.7145338730044755,0.15469894534285866
HDL CHOLESTEROL(mg/dL),2025-02-03,64.23150049421541,57.65841415675095,70.80458683167987,False,1.3901038242747994,0.7145338730044755,0.15469894534285866
HDL CHOLESTEROL(mg/dL),2025-03-05,64.34575560305991,57.78627047615925,70.90524072996057,False,1.3901038242747994,0.7145338730044755,0.15469894534285866
HDL CHOLESTEROL(mg/dL),2025-04-04,64.46001071190442,57.90678425460148,71.01323716920734,False,1.3901038242747994,0.7145338730044755,0.15469894534285866
HDL CHOLESTEROL(mg/dL),2025-05-04,64.57426582074892,58.01993445807321,71.12859718342463,False,1.3901038242747994,0.7145338730044755,0.15469894534285866
HDL CHOLESTEROL(mg/dL),2025-06-03,64.68852092959342,58.12572480574432,71.25131705344252,False,1.3901038242747994,0.7145338730044755,0.15469894534285866
HDL CHOLESTEROL(mg/dL),2025-07-03,64.80277603843794,58.22418370762291,71.38136836925297,False,1.3901038242747994,0.7145338730044755,0.15469894534285866
HDL CHOLESTEROL(mg/dL),2025-08-02,64.91703114728244,58.3153637906745,71.51869850389039,False,1.3901038242747994,0.7145338730044755,0.15469894534285866
HDL CHOLESTEROL(mg/dL),2025-09-01,65.03128625612695,58.3993410316892,71.66323148056469,False,1.3901038242747994,0.7145338730044755,0.15469894534285866
HDL CHOLESTEROL(mg/dL),2025-10-01,65.14554136497145,58.476213529801136,71.81486920014176,False,1.3901038242747994,0.7145338730044755,0.15469894534285866
HDL CHOLESTEROL(mg/dL),2025-10-31,65.25979647381595,58.546099963963314,71.97349298366859,False,1.3901038242747994,0.7145338730044755,0.15469894534285866
HDL CHOLESTEROL(mg/dL),2025-11-30,65.37405158266046,58.60913779014007,72.13896537518085,False,1.3901038242747994,0.7145338730044755,0.15469894534285866
HDL CHOLESTEROL(mg/dL),2025-12-30,65.48830669150496,58.66548123906571,72.3111321439442,False,1.3901038242747994,0.7145338730044755,0.15469894534285866
HDL CHOLESTEROL(mg/dL),2026-01-29,65.60256180034946,58.71529917801044,72.48982442268849,False,1.3901038242747994,0.7145338730044755,0.15469894534285866
HDL CHOLESTEROL(mg/dL),2026-02-28,65.71681690919397,58.758772899267136,72.67486091912079,False,1.3901038242747994,0.7145338730044755,0.15469894534285866
HDL CHOLESTEROL(mg/dL),2026-03-30,65.83107201803847,58.79609389444177,72.86605014163517,False,1.3901038242747994,0.7145338730044755,0.15469894534285866
HDL CHOLESTEROL(mg/dL),2026-04-29,65.94532712688297,58.827461667682094,73.06319258608386,False,1.3901038242747994,0.7145338730044755,0.15469894534285866
HDL CHOLESTEROL(mg/dL),2026-05-29,66.05958223572748,58.85308163339067,73.26608283806428,False,1.3901038242747994,0.7145338730044755,0.15469894534285866
HDL CHOLESTEROL(mg/dL),2026-06-28,66.17383734457198,58.873163135427205,73.47451155371675,False,1.3901038242747994,0.7145338730044755,0.15469894534285866
HDL CHOLESTEROL(mg/dL),2026-07-28,66.28809245341648,58.88791761595097,73.688267290882,False,1.3901038242747994,0.7145338730044755,0.15469894534285866
HDL CHOLESTEROL(mg/dL),2026-08-27,66.40234756226099,58.897556953427255,73.90713817109472,False,1.3901038242747994,0.7145338730044755,0.15469894534285866
HDL CHOLESTEROL(mg/dL),2026-09-26,66.51660267110549,58.90229198134406,74.13091336086693,False,1.3901038242747994,0.7145338730044755,0.15469894534285866
HDL CHOLESTEROL(mg/dL),2026-10-26,66.63085777994999,58.90233119214642,74.35938436775356,False,1.3901038242747994,0.7145338730044755,0.15469894534285866
HDL CHOLESTEROL(mg/dL),2026-11-25,66.74511288879451,58.89787962496494,74.59234615262407,False,1.3901038242747994,0.7145338730044755,0.15469894534285866
HDL CHOLESTEROL(mg/dL),2026-12-25,66.85936799763901,58.88913793095243,74.8295980643256,False,1.3901038242747994,0.7145338730044755,0.15469894534285866
HDL CHOLESTEROL(mg/dL),2027-01-24,66.97362310648352,58.87630160642736,75.07094460653967,False,1.3901038242747994,0.7145338730044755,0.15469894534285866
HDL CHOLESTEROL(mg/dL),2027-02-23,67.08787821532802,58.859560381467716,75.31619604918832,False,1.3901038242747994,0.7145338730044755,0.15469894534285866
HDL CHOLESTEROL(mg/dL),2027-03-25,67.20213332417252,58.839097749982336,75.56516889836271,False,1.3901038242747994,0.7145338730044755,0.15469894534285866
HEIGHT,2023-06-14,173.92260610016416,169.58493418477292,178.2602780155554,True,-0.16200779501849943,0.10806539141476494,0.6712669906827655
HEIGHT,2023-07-14,173.90929039098455,169.640399601747,178.1781811802221,False,-0.16200779501849943,0.10806539141476494,0.6712669906827655
HEIGHT,2023-08-13,173.89597468180494,169.693766702482,178.09818266112788,False,-0.16200779501849943,0.10806539141476494,0.6712669906827655
HEIGHT,2023-09-12,173.88265897262536,169.74493403750483,178.0203839077459,False,-0.16200779501849943,0.10806539141476494,0.6712669906827655
HEIGHT,2023-10-12,173.86934326344576,169.7937971917965,177.944889335095,False,-0.16200779501849943,0.10806539141476494,0.6712669906827655
HEIGHT,2023-11-11,173.85602755426615,169.84024913262257,177.87180597590972,False,-0.16200779501849943,0.10806539141476494,0.6712669906827655
HEIGHT,2023-12-11,173.84271184508654,169.88418064178333,177.80124304838975,False,-0.16200779501849943,0.10806539141476494,0.6712669906827655
HEIGHT,2024-01-10,173.82939613590693,169.92548083847834,177.73331143333553,False,-0.16200779501849943,0.10806539141476494,0.6712669906827655
HEIGHT,2024-02-09,173.81608042672732,169.9640377974651,177.66812305598955,False,-0.16200779501849943,0.10806539141476494,0.6712669906827655
HEIGHT,2024-03-10,173.80276471754775,169.9997392650961,177.60579016999938,False,-0.16200779501849943,0.10806539141476494,0.6712669906827655
HEIGHT,2024-04-09,173.78944900836814,170.03247347311097,177.5464245436253,False,-0.16200779501849943,0.10806539141476494,0.6712669906827655
HEIGHT,2024-05-09,173.77613329918853,170.0621300467355,177.49013655164157,False,-0.16200779501849943,0.10806539141476494,0.6712669906827655
HEIGHT,2024-06-08,173.76281759000892,170.0886009997509,177.43703418026695,False,-0.16200779501849943,0.10806539141476494,0.6712669906827655
HEIGHT,2024-07-08,173.7495018808293,170.11178180484663,177.387221956812,False,-0.16200779501849943,0.10806539141476494,0.6712669906827655
HEIGHT,2024-08-07,173.73618617164973,170.13157252293888,177.3407998203606,False,-0.16200779501849943,0.10806539141476494,0.6712669906827655
HEIGHT,2024-09-06,173.72287046247013,170.14787897046315,177.2978619544771,False,-0.16200779501849943,0.10806539141476494,0.6712669906827655
HEIGHT,2024-10-06,173.70955475329052,170.16061389923888,177.25849560734216,False,-0.16200779501849943,0.10806539141476494,0.6712669906827655
HEIGHT,2024-11-05,173.6962390441109,170.16969815970646,177.22277992851537,False,-0.16200779501849943,0.10806539141476494,0.6712669906827655
HEIGHT,2024-12-05,173.6829233349313,170.17506181551806,177.19078485434454,False,-0.16200779501849943,0.10806539141476494,0.6712669906827655
HEIGHT,2025-01-04,173.6696076257517,170.1766451759723,177.16257007553108,False,-0.16200779501849943,0.10806539141476494,0.6712669906827655
HEIGHT,2025-02-03,173.65629191657212,170.17439971290725,177.13818412023699,False,-0.16200779501849943,0.10806539141476494,0.6712669906827655
HEIGHT,2025-03-05,173.6429762073925,170.16828883059145,177.11766358419356,False,-0.16200779501849943,0.10806539141476494,0.6712669906827655
HEIGHT,2025-04-04,173.6296604982129,170.158288460928,177.1010325354978,False,-0.16200779501849943,0.10806539141476494,0.6712669906827655
HEIGHT,2025-05-04,173.6163447890333,170.1443874617939,177.08830211627267,False,-0.16200779501849943,0.10806539141476494,0.6712669906827655
HEIGHT,2025-06-03,173.60302907985368,170.1265878033061,177.07947035640126,False,-0.16200779501849943,0.10806539141476494,0.6712669906827655
HEIGHT,2025-07-03,173.5897133706741,170.10490453480077,177.07452220654744,False,-0.16200779501849943,0.10806539141476494,0.6712669906827655
HEIGHT,2025-08-02,173.5763976614945,170.07936553380924,177.07342978917976,False,-0.16200779501849943,0.10806539141476494,0.6712669906827655
HEIGHT,2025-09-01,173.5630819523149,170.05001104672112,177.07615285790865,False,-0.16200779501849943,0.10806539141476494,0.6712669906827655
HEIGHT,2025-10-01,173.54976624313528,170.01689303856355,177.082639447707,False,-0.16200779501849943,0.10806539141476494,0.6712669906827655
HEIGHT,2025-10-31,173.53645053395567,169.98007437589575,177.0928266920156,False,-0.16200779501849943,0.10806539141476494,0.6712669906827655
HEIGHT,2025-11-30,173.52313482477606,169.93962787182647,177.10664177772566,False,-0.16200779501849943,0.10806539141476494,0.6712669906827655
HEIGHT,2025-12-30,173.50981911559649,169.89563522538785,177.12400300580512,False,-0.16200779501849943,0.10806539141476494,0.6712669906827655
HEIGHT,2026-01-29,173.49650340641688,169.84818588887074,177.144820923963,False,-0.16200779501849943,0.10806539141476494,0.6712669906827655
HEIGHT,2026-02-28,173.48318769723727,169.7973758963433,177.16899949813123,False,-0.16200779501849943,0.10806539141476494,0.6712669906827655
HEIGHT,2026-03-30,173.46987198805766,169.74330668464904,177.19643729146628,False,-0.16200779501849943,0.10806539141476494,0.6712669906827655
HEIGHT,2026-04-29,173.45655627887805,169.68608393503123,177.22702862272487,False,-0.16200779501849943,0.10806539141476494,0.6712669906827655
HEIGHT,2026-05-29,173.44324056969847,169.62581645951067,177.26066467988628,False,-0.16200779501849943,0.10806539141476494,0.6712669906827655
HEIGHT,2026-06-28,173.42992486051887,169.56261515161822,177.29723456941952,False,-0.16200779501849943,0.10806539141476494,0.6712669906827655
HEIGHT,2026-07-28,173.41660915133926,169.49659201639506,177.33662628628346,False,-0.16200779501849943,0.10806539141476494,0.6712669906827655
HEIGHT,2026-08-27,173.40329344215965,169.42785929000223,177.37872759431707,False,-0.16200779501849943,0.10806539141476494,0.6712669906827655
HEIGHT,2026-09-26,173.38997773298004,169.3565286550558,177.4234268109043,False,-0.16200779501849943,0.10806539141476494,0.6712669906827655
HEIGHT,2026-10-26,173.37666202380046,169.28271055407575,177.47061349352518,False,-0.16200779501849943,0.10806539141476494,0.6712669906827655
HEIGHT,2026-11-25,173.36334631462086,169.20651360029387,177.52017902894784,False,-0.16200779501849943,0.10806539141476494,0.6712669906827655
HEIGHT,2026-12-25,173.35003060544125,169.12804408254453,177.57201712833796,False,-0.16200779501849943,0.10806539141476494,0.6712669906827655
HEIGHT,2027-01-24,173.33671489626164,169.0474055590456,177.6260242334777,False,-0.16200779501849943,0.10806539141476494,0.6712669906827655
HEIGHT,2027-02-23,173.32339918708203,168.96469853352474,177.68209984063932,False,-0.16200779501849943,0.10806539141476494,0.6712669906827655
HEIGHT,2027-03-25,173.31008347790242,168.88002020628906,177.7401467495158,False,-0.16200779501849943,0.10806539141476494,0.6712669906827655
HEMATOCRIT (%),2023-06-14,42.3,42.3,42.3,True,0.5918918918918933,1.0,0.0
HEMATOCRIT (%),2023-07-14,42.34864864864865,42.34864864864865,42.34864864864865,False,0.5918918918918933,1.0,0.0
HEMATOCRIT (%),2023-08-13,42.39729729729729,42.39729729729729,42.39729729729729,False,0.5918918918918933,1.0,0.0
HEMATOCRIT (%),2023-09-12,42.445945945945944,42.445945945945944,42.445945945945944,False,0.5918918918918933,1.0,0.0
HEMATOCRIT (%),2023-10-12,42.494594594594595,42.494594594594595,42.494594594594595,False,0.5918918918918933,1.0,0.0
HEMATOCRIT (%),2023-11-11,42.54324324324324,42.54324324324324,42.54324324324324,False,0.5918918918918933,1.0,0.0
HEMATOCRIT (%),2023-12-11,42.59189189189189,42.59189189189189,42.59189189189189,False,0.5918918918918933,1.0,0.0
HEMATOCRIT (%),2024-01-10,42.64054054054054,42.64054054054054,42.64054054054054,False,0.5918918918918933,1.0,0.0
HEMATOCRIT (%),2024-02-09,42.689189189189186,42.689189189189186,42.689189189189186,False,0.5918918918918933,1.0,0.0
HEMATOCRIT (%),2024-03-10,42.73783783783784,42.73783783783784,42.73783783783784,False,0.5918918918918933,1.0,0.0
HEMATOCRIT (%),2024-04-09,42.78648648648648,42.78648648648648,42.78648648648648,False,0.5918918918918933,1.0,0.0
HEMATOCRIT (%),2024-05-09,42.83513513513513,42.83513513513513,42.83513513513513,False,0.5918918918918933,1.0,0.0
HEMATOCRIT (%),2024-06-08,42.883783783783784,42.883783783783784,42.883783783783784,False,0.5918918918918933,1.0,0.0
HEMATOCRIT (%),2024-07-08,42.93243243243243,42.93243243243243,42.93243243243243,False,0.5918918918918933,1.0,0.0
HEMATOCRIT (%),2024-08-07,42.98108108108108,42.98108108108108,42.98108108108108,False,0.5918918918918933,1.0,0.0
HEMATOCRIT (%),2024-09-06,43.02972972972973,43.02972972972973,43.02972972972973,False,0.5918918918918933,1.0,0.0
HEMATOCRIT (%),2024-10-06,43.078378378378375,43.078378378378375,43.078378378378375,False,0.5918918918918933,1.0,0.0
HEMATOCRIT (%),2024-11-05,43.127027027027026,43.127027027027026,43.127027027027026,False,0.5918918918918933,1.0,0.0
HEMATOCRIT (%),2024-12-05,43.17567567567568,43.17567567567568,43.17567567567568,False,0.5918918918918933,1.0,0.0
HEMATOCRIT (%),2025-01-04,43.22432432432432,43.22432432432432,43.22432432432432,False,0.5918918918918933,1.0,0.0
HEMATOCRIT (%),2025-02-03,43.27297297297297,43.27297297297297,43.27297297297297,False,0.5918918918918933,1.0,0.0
HEMATOCRIT (%),2025-03-05,43.321621621621624,43.321621621621624,43.321621621621624,False,0.5918918918918933,1.0,0.0
HEMATOCRIT (%),2025-04-04,43.37027027027027,43.37027027027027,43.37027027027027,False,0.5918918918918933,1.0,0.0
HEMATOCRIT (%),2025-05-04,43.41891891891892,43.41891891891892,43.41891891891892,False,0.5918918918918933,1.0,0.0
HEMATOCRIT (%),2025-06-03,43.46756756756757,43.46756756756757,43.46756756756757,False,0.5918918918918933,1.0,0.0
HEMATOCRIT (%),2025-07-03,43.516216216216215,43.516216216216215,43.516216216216215,False,0.5918918918918933,1.0,0.0
HEMATOCRIT (%),2025-08-02,43.564864864864866,43.564864864864866,43.564864864864866,False,0.5918918918918933,1.0,0.0
HEMATOCRIT (%),2025-09-01,43.61351351351351,43.61351351351351,43.61351351351351,False,0.5918918918918933,1.0,0.0
HEMATOCRIT (%),2025-10-01,43.66216216216216,43.66216216216216,43.66216216216216,False,0.5918918918918933,1.0,0.0
HEMATOCRIT (%),2025-10-31,43.71081081081081,43.71081081081081,43.71081081081081,False,0.5918918918918933,1.0,0.0
HEMATOCRIT (%),2025-11-30,43.75945945945946,43.75945945945946,43.75945945945946,False,0.5918918918918933,1.0,0.0
HEMATOCRIT (%),2025-12-30,43.80810810810811,43.80810810810811,43.80810810810811,False,0.5918918918918933,1.0,0.0
HEMATOCRIT (%),2026-01-29,43.85675675675676,43.85675675675676,43.85675675675676,False,0.5918918918918933,1.0,0.0
HEMATOCRIT (%),2026-02-28,43.9054054054054,43.9054054054054,43.9054054054054,False,0.5918918918918933,1.0,0.0
HEMATOCRIT (%),2026-03-30,43.954054054054055,43.954054054054055,43.954054054054055,False,0.5918918918918933,1.0,0.0
HEMATOCRIT (%),2026-04-29,44.002702702702706,44.002702702702706,44.002702702702706,False,0.5918918918918933,1.0,0.0
HEMATOCRIT (%),2026-05-29,44.05135135135135,44.05135135135135,44.05135135135135,False,0.5918918918918933,1.0,0.0
HEMATOCRIT (%),2026-06-28,44.1,44.1,44.1,False,0.5918918918918933,1.0,0.0
HEMATOCRIT (%),2026-07-28,44.14864864864865,44.14864864864865,44.14864864864865,False,0.5918918918918933,1.0,0.0
HEMATOCRIT (%),2026-08-27,44.1972972972973,44.1972972972973,44.1972972972973,False,0.5918918918918933,1.0,0.0
HEMATOCRIT (%),2026-09-26,44.24594594594595,44.24594594594595,44.24594594594595,False,0.5918918918918933,1.0,0.0
HEMATOCRIT (%),2026-10-26,44.2945945945946,44.2945945945946,44.2945945945946,False,0.5918918918918933,1.0,0.0
HEMATOCRIT (%),2026-11-25,44.34324324324324,44.34324324324324,44.34324324324324,False,0.5918918918918933,1.0,0.0
HEMATOCRIT (%),2026-12-25,44.391891891891895,44.391891891891895,44.391891891891895,False,0.5918918918918933,1.0,0.0
HEMATOCRIT (%),2027-01-24,44.440540540540546,44.440540540540546,44.440540540540546,False,0.5918918918918933,1.0,0.0
HEMATOCRIT (%),2027-02-23,44.48918918918919,44.48918918918919,44.48918918918919,False,0.5918918918918933,1.0,0.0
HEMATOCRIT (%),2027-03-25,44.53783783783784,44.53783783783784,44.53783783783784,False,0.5918918918918933,1.0,0.0
HEMOGLOBIN 혈색소 (g/dL),2023-06-14,13.799640991937942,1.844258006177558,25.755023977698325,True,0.5502670969427088,0.7067526971619851,0.3643042819249681
HEMOGLOBIN 혈색소 (g/dL),2023-07-14,13.84486842456337,2.0968249193316257,25.592911929795115,False,0.5502670969427088,0.7067526971619851,0.3643042819249681
HEMOGLOBIN 혈색소 (g/dL),2023-08-13,13.890095857188799,2.34124649793268,25.438945216444917,False,0.5502670969427088,0.7067526971619851,0.3643042819249681
HEMOGLOBIN 혈색소 (g/dL),2023-09-12,13.935323289814226,2.5770941891961616,25.29355239043229,False,0.5502670969427088,0.7067526971619851,0.3643042819249681
HEMOGLOBIN 혈색소 (g/dL),2023-10-12,13.980550722439654,2.8039292947081336,25.157172150171174,False,0.5502670969427088,0.7067526971619851,0.3643042819249681
HEMOGLOBIN 혈색소 (g/dL),2023-11-11,14.025778155065082,3.0213055991952835,25.03025071093488,False,0.5502670969427088,0.7067526971619851,0.3643042819249681
HEMOGLOBIN 혈색소 (g/dL),2023-12-11,14.071005587690511,3.2287725435100114,24.91323863187101,False,0.5502670969427088,0.7067526971619851,0.3643042819249681
HEMOGLOBIN 혈색소 (g/dL),2024-01-10,14.116233020315939,3.4258789572780195,24.806587083353858,False,0.5502670969427088,0.7067526971619851,0.3643042819249681
HEMOGLOBIN 혈색소 (g/dL),2024-02-09,14.161460452941366,3.612177346527597,24.710743559355137,False,0.5502670969427088,0.7067526971619851,0.3643042819249681
HEMOGLOBIN 혈색소 (g/dL),2024-03-10,14.206687885566796,3.7872287065697208,24.62614706456387,False,0.5502670969427088,0.7067526971619851,0.3643042819249681
HEMOGLOBIN 혈색소 (g/dL),2024-04-09,14.251915318192223,3.950607801004434,24.553222835380012,False,0.5502670969427088,0.7067526971619851,0.3643042819249681
HEMOGLOBIN 혈색소 (g/dL),2024-05-09,14.29714275081765,4.101908815202604,24.4923766864327,False,0.5502670969427088,0.7067526971619851,0.3643042819249681
HEMOGLOBIN 혈색소 (g/dL),2024-06-08,14.342370183443078,4.240751258858388,24.44398910802777,False,0.5502670969427088,0.7067526971619851,0.3643042819249681
HEMOGLOBIN 혈색소 (g/dL),2024-07-08,14.387597616068508,4.366785959795235,24.40840927234178,False,0.5502670969427088,0.7067526971619851,0.3643042819249681
HEMOGLOBIN 혈색소 (g/dL),2024-08-07,14.432825048693935,4.479700963220029,24.38594913416784,False,0.5502670969427088,0.7067526971619851,0.3643042819249681
HEMOGLOBIN 혈색소 (g/dL),2024-09-06,14.478052481319363,4.579227130372763,24.37687783226596,False,0.5502670969427088,0.7067526971619851,0.3643042819249681
HEMOGLOBIN 혈색소 (g/dL),2024-10-06,14.523279913944792,4.6651432211610455,24.38141660672854,False,0.5502670969427088,0.7067526971619851,0.3643042819249681
HEMOGLOBIN 혈색소 (g/dL),2024-11-05,14.56850734657022,4.737280249404822,24.399734443735618,False,0.5502670969427088,0.7067526971619851,0.3643042819249681
HEMOGLOBIN 혈색소 (g/dL),2024-12-05,14.613734779195648,4.795524918134774,24.43194464025652,False,0.5502670969427088,0.7067526971619851,0.3643042819249681
HEMOGLOBIN 혈색소 (g/dL),2025-01-04,14.658962211821075,4.839821975884398,24.478102447757752,False,0.5502670969427088,0.7067526971619851,0.3643042819249681
HEMOGLOBIN 혈색소 (g/dL),2025-02-03,14.704189644446505,4.870175381313063,24.53820390757995,False,0.5502670969427088,0.7067526971619851,0.3643042819249681
HEMOGLOBIN 혈색소 (g/dL),2025-03-05,14.749417077071932,4.8866482194236305,24.612185934720234,False,0.5502670969427088,0.7067526971619851,0.3643042819249681
HEMOGLOBIN 혈색소 (g/dL),2025-04-04,14.79464450969736,4.889361373479284,24.699927645915437,False,0.5502670969427088,0.7067526971619851,0.3643042819249681
HEMOGLOBIN 혈색소 (g/dL),2025-05-04,14.83987194232279,4.878491017207082,24.801252867438496,False,0.5502670969427088,0.7067526971619851,0.3643042819249681
HEMOGLOBIN 혈색소 (g/dL),2025-06-03,14.885099374948217,4.854265046776121,24.915933703120313,False,0.5502670969427088,0.7067526971619851,0.3643042819249681
HEMOGLOBIN 혈색소 (g/dL),2025-07-03,14.930326807573644,4.816958616877914,25.043694998269373,False,0.5502670969427088,0.7067526971619851,0.3643042819249681
HEMOGLOBIN 혈색소 (g/dL),2025-08-02,14.975554240199072,4.766888976841647,25.1842195035565,False,0.5502670969427088,0.7067526971619851,0.3643042819249681
HEMOGLOBIN 혈색소 (g/dL),2025-09-01,15.020781672824501,4.704409819534769,25.337153526114236,False,0.5502670969427088,0.7067526971619851,0.3643042819249681
HEMOGLOBIN 혈색소 (g/dL),2025-10-01,15.066009105449929,4.6299053579404905,25.502112852959367,False,0.5502670969427088,0.7067526971619851,0.3643042819249681
HEMOGLOBIN 혈색소 (g/dL),2025-10-31,15.111236538075357,4.543784333330057,25.678688742820654,False,0.5502670969427088,0.7067526971619851,0.3643042819249681
HEMOGLOBIN 혈색소 (g/dL),2025-11-30,15.156463970700786,4.4464741374779795,25.86645380392359,False,0.5502670969427088,0.7067526971619851,0.3643042819249681
HEMOGLOBIN 혈색소 (g/dL),2025-12-30,15.201691403326214,4.338415202600245,26.064967604052182,False,0.5502670969427088,0.7067526971619851,0.3643042819249681
HEMOGLOBIN 혈색소 (g/dL),2026-01-29,15.246918835951641,4.2200557799349205,26.273781891968362,False,0.5502670969427088,0.7067526971619851,0.3643042819249681
HEMOGLOBIN 혈색소 (g/dL),2026-02-28,15.292146268577069,4.0918471941595715,26.492445342994564,False,0.5502670969427088,0.7067526971619851,0.3643042819249681
HEMOGLOBIN 혈색소 (g/dL),2026-03-30,15.337373701202498,3.9542396286365324,26.720507773768464,False,0.5502670969427088,0.7067526971619851,0.3643042819249681
HEMOGLOBIN 혈색소 (g/dL),2026-04-29,15.382601133827926,3.8076784676071753,26.957523800048676,False,0.5502670969427088,0.7067526971619851,0.3643042819249681
HEMOGLOBIN 혈색소 (g/dL),2026-05-29,15.427828566453353,3.6526011970420385,27.20305593586467,False,0.5502670969427088,0.7067526971619851,0.3643042819249681
HEMOGLOBIN 혈색소 (g/dL),2026-06-28,15.473055999078783,3.489434846395442,27.456677151762122,False,0.5502670969427088,0.7067526971619851,0.3643042819249681
HEMOGLOBIN 혈색소 (g/dL),2026-07-28,15.51828343170421,3.3185939390117944,27.717972924396626,False,0.5502670969427088,0.7067526971619851,0.3643042819249681
HEMOGLOBIN 혈색소 (g/dL),2026-08-27,15.563510864329638,3.1404789090240577,27.98654281963522,False,0.5502670969427088,0.7067526971619851,0.3643042819249681
HEMOGLOBIN 혈색소 (g/dL),2026-09-26,15.608738296955066,2.9554749366854587,28.262001657224673,False,0.5502670969427088,0.7067526971619851,0.3643042819249681
HEMOGLOBIN 혈색소 (g/dL),2026-10-26,15.653965729580495,2.7639511514854487,28.54398030767554,False,0.5502670969427088,0.7067526971619851,0.3643042819249681
HEMOGLOBIN 혈색소 (g/dL),2026-11-25,15.699193162205923,2.566260152400833,28.832126172011012,False,0.5502670969427088,0.7067526971619851,0.3643042819249681
HEMOGLOBIN 혈색소 (g/dL),2026-12-25,15.74442059483135,2.362737796546325,29.126103393116374,False,0.5502670969427088,0.7067526971619851,0.3643042819249681
HEMOGLOBIN 혈색소 (g/dL),2027-01-24,15.78964802745678,2.1537032107170777,29.42559284419648,False,0.5502670969427088,0.7067526971619851,0.3643042819249681
HEMOGLOBIN 혈색소 (g/dL),2027-02-23,15.834875460082207,1.9394589843594616,29.730291935804953,False,0.5502670969427088,0.7067526971619851,0.3643042819249681
HEMOGLOBIN 혈색소 (g/dL),2027-03-25,15.880102892707635,1.7202915069663796,30.03991427844889,False,0.5502670969427088,0.7067526971619851,0.3643042819249681
HbA1c,2023-06-14,5.593373861707376,5.055532758928512,6.13121496448624,True,-0.18221462199068458,0.9934441034560616,0.05160263101741381
HbA1c,2023-07-14,5.5783973174341694,5.049105617037947,6.107689017830392,False,-0.18221462199068458,0.9934441034560616,0.05160263101741381
HbA1c,2023-08-13,5.563420773160963,5.042360031407229,6.084481514914696,False,-0.18221462199068458,0.9934441034560616,0.05160263101741381
HbA1c,2023-09-12,5.548444228887756,5.03528067863865,6.061607779136861,False,-0.18221462199068458,0.9934441034560616,0.05160263101741381
HbA1c,2023-10-12,5.533467684614548,5.0278519192054105,6.039083450023686,False,-0.18221462199068458,0.9934441034560616,0.05160263101741381
HbA1c,2023-11-11,5.518491140341341,5.020057879638408,6.016924401044275,False,-0.18221462199068458,0.9934441034560616,0.05160263101741381
HbA1c,2023-12-11,5.503514596068134,5.011882549982511,5.995146642153758,False,-0.18221462199068458,0.9934441034560616,0.05160263101741381
HbA1c,2024-01-10,5.488538051794928,5.003309896881796,5.973766206708059,False,-0.18221462199068458,0.9934441034560616,0.05160263101741381
HbA1c,2024-02-09,5.473561507521721,4.994323992169307,5.952799022874134,False,-0.18221462199068458,0.9934441034560616,0.05160263101741381
HbA1c,2024-03-10,5.458584963248514,4.984909156244825,5.932260770252203,False,-0.18221462199068458,0.9934441034560616,0.05160263101741381
HbA1c,2024-04-09,5.443608418975307,4.975050114835124,5.91216672311549,False,-0.18221462199068458,0.9934441034560616,0.05160263101741381
HbA1c,2024-05-09,5.428631874702099,4.964732166968261,5.892531582435938,False,-0.18221462199068458,0.9934441034560616,0.05160263101741381
HbA1c,2024-06-08,5.413655330428893,4.953941361192538,5.873369299665248,False,-0.18221462199068458,0.9934441034560616,0.05160263101741381
HbA1c,2024-07-08,5.398678786155686,4.942664676280524,5.854692896030848,False,-0.18221462199068458,0.9934441034560616,0.05160263101741381
HbA1c,2024-08-07,5.383702241882479,4.930890201938624,5.836514281826334,False,-0.18221462199068458,0.9934441034560616,0.05160263101741381
HbA1c,2024-09-06,5.368725697609272,4.918607314459147,5.818844080759397,False,-0.18221462199068458,0.9934441034560616,0.05160263101741381
HbA1c,2024-10-06,5.353749153336065,4.905806841871813,5.801691464800317,False,-0.18221462199068458,0.9934441034560616,0.05160263101741381
HbA1c,2024-11-05,5.338772609062858,4.892481213034569,5.785064005091148,False,-0.18221462199068458,0.9934441034560616,0.05160263101741381
HbA1c,2024-12-05,5.323796064789651,4.878624585293816,5.768967544285485,False,-0.18221462199068458,0.9934441034560616,0.05160263101741381
HbA1c,2025-01-04,5.308819520516444,4.864232945862161,5.753406095170726,False,-0.18221462199068458,0.9934441034560616,0.05160263101741381
HbA1c,2025-02-03,5.293842976243237,4.8493041828991315,5.738381769587343,False,-0.18221462199068458,0.9934441034560616,0.05160263101741381
HbA1c,2025-03-05,5.27886643197003,4.833838123396827,5.723894740543233,False,-0.18221462199068458,0.9934441034560616,0.05160263101741381
HbA1c,2025-04-04,5.263889887696823,4.817836536298241,5.709943239095406,False,-0.18221462199068458,0.9934441034560616,0.05160263101741381
HbA1c,2025-05-04,5.248913343423617,4.801303100718005,5.696523586129228,False,-0.18221462199068458,0.9934441034560616,0.05160263101741381
HbA1c,2025-06-03,5.23393679915041,4.784243340586988,5.683630257713832,False,-0.18221462199068458,0.9934441034560616,0.05160263101741381
HbA1c,2025-07-03,5.218960254877202,4.76666452839598,5.671255981358424,False,-0.18221462199068458,0.9934441034560616,0.05160263101741381
HbA1c,2025-08-02,5.203983710603995,4.748575561873312,5.659391859334678,False,-0.18221462199068458,0.9934441034560616,0.05160263101741381
HbA1c,2025-09-01,5.189007166330788,4.72998681832198,5.648027514339597,False,-0.18221462199068458,0.9934441034560616,0.05160263101741381
HbA1c,2025-10-01,5.174030622057582,4.710909991918268,5.637151252196895,False,-0.18221462199068458,0.9934441034560616,0.05160263101741381
HbA1c,2025-10-31,5.159054077784375,4.691357919521524,5.626750236047226,False,-0.18221462199068458,0.9934441034560616,0.05160263101741381
HbA1c,2025-11-30,5.144077533511168,4.671344400479738,5.616810666542598,False,-0.18221462199068458,0.9934441034560616,0.05160263101741381
HbA1c,2025-12-30,5.129100989237961,4.650884015578219,5.607317962897703,False,-0.18221462199068458,0.9934441034560616,0.05160263101741381
HbA1c,2026-01-29,5.114124444964753,4.62999194972658,5.598256940202927,False,-0.18221462199068458,0.9934441034560616,0.05160263101741381
HbA1c,2026-02-28,5.0991479006915466,4.608683822278575,5.589611979104518,False,-0.18221462199068458,0.9934441034560616,0.05160263101741381
HbA1c,2026-03-30,5.08417135641834,4.586975528097025,5.581367184739655,False,-0.18221462199068458,0.9934441034560616,0.05160263101741381
HbA1c,2026-04-29,5.069194812145133,4.564883091673122,5.573506532617144,False,-0.18221462199068458,0.9934441034560616,0.05160263101741381
HbA1c,2026-05-29,5.054218267871926,4.542422535836724,5.5660139999071285,False,-0.18221462199068458,0.9934441034560616,0.05160263101741381
HbA1c,2026-06-28,5.039241723598719,4.519609765890049,5.558873681307389,False,-0.18221462199068458,0.9934441034560616,0.05160263101741381
HbA1c,2026-07-28,5.024265179325512,4.496460469386761,5.5520698892642635,False,-0.18221462199068458,0.9934441034560616,0.05160263101741381
HbA1c,2026-08-27,5.009288635052306,4.472990031274894,5.545587238829717,False,-0.18221462199068458,0.9934441034560616,0.05160263101741381
HbA1c,2026-09-26,4.994312090779098,4.449213463728579,5.539410717829616,False,-0.18221462199068458,0.9934441034560616,0.05160263101741381
HbA1c,2026-10-26,4.979335546505891,4.425145349705364,5.533525743306418,False,-0.18221462199068458,0.9934441034560616,0.05160263101741381
HbA1c,2026-11-25,4.964359002232684,4.400799799073032,5.527918205392337,False,-0.18221462199068458,0.9934441034560616,0.05160263101741381
HbA1c,2026-12-25,4.949382457959477,4.376190416039176,5.522574499879779,False,-0.18221462199068458,0.9934441034560616,0.05160263101741381
HbA1c,2027-01-24,4.934405913686271,4.351330276573662,5.5174815507988795,False,-0.18221462199068458,0.9934441034560616,0.05160263101741381
HbA1c,2027-02-23,4.919429369413064,4.326231914524328,5.512626824301799,False,-0.18221462199068458,0.9934441034560616,0.05160263101741381
HbA1c,2027-03-25,4.904452825139856,4.3009073151761426,5.5079983351035695,False,-0.18221462199068458,0.9934441034560616,0.05160263101741381
LDL CHOLESTEROL(mg/dL),2023-06-14,112.53128235237169,42.23562489196404,182.82693981277936,True,-0.561399043423812,0.005509121372577382,0.9257765443233921
LDL CHOLESTEROL(mg/dL),2023-07-14,112.48513996524096,43.30413907133946,181.66614085914244,False,-0.561399043423812,0.005509121372577382,0.9257765443233921
LDL CHOLESTEROL(mg/dL),2023-08-13,112.43899757811025,44.338648253919004,180.53934690230147,False,-0.561399043423812,0.005509121372577382,0.9257765443233921
LDL CHOLESTEROL(mg/dL),2023-09-12,112.39285519097952,45.33750836482707,179.44820201713196,False,-0.561399043423812,0.005509121372577382,0.9257765443233921
LDL CHOLESTEROL(mg/dL),2023-10-12,112.34671280384879,46.299027270000195,178.3943983376974,False,-0.561399043423812,0.005509121372577382,0.9257765443233921
LDL CHOLESTEROL(mg/dL),2023-11-11,112.30057041671807,47.22147041307208,177.37967042036405,False,-0.561399043423812,0.005509121372577382,0.9257765443233921
LDL CHOLESTEROL(mg/dL),2023-12-11,112.25442802958734,48.10306782035404,176.40578823882066,False,-0.561399043423812,0.005509121372577382,0.9257765443233921
LDL CHOLESTEROL(mg/dL),2024-01-10,112.20828564245662,48.94202257430242,175.4745487106108,False,-0.561399043423812,0.005509121372577382,0.9257765443233921
LDL CHOLESTEROL(mg/dL),2024-02-09,112.1621432553259,49.73652083130177,174.58776567935004,False,-0.561399043423812,0.005509121372577382,0.9257765443233921
LDL CHOLESTEROL(mg/dL),2024-03-10,112.11600086819517,50.48474342565552,173.74725831073482,False,-0.561399043423812,0.005509121372577382,0.9257765443233921
LDL CHOLESTEROL(mg/dL),2024-04-09,112.06985848106444,51.18487905777633,172.95483790435256,False,-0.561399043423812,0.005509121372577382,0.9257765443233921
LDL CHOLESTEROL(mg/dL),2024-05-09,112.02371609393373,51.83513901070573,172.2122931771617,False,-0.561399043423812,0.005509121372577382,0.9257765443233921
LDL CHOLESTEROL(mg/dL),2024-06-08,111.977573706803,52.43377327605301,171.52137413755298,False,-0.561399043423812,0.005509121372577382,0.9257765443233921
LDL CHOLESTEROL(mg/dL),2024-07-08,111.93143131967227,52.979087899973266,170.8837747393713,False,-0.561399043423812,0.005509121372577382,0.9257765443233921
LDL CHOLESTEROL(mg/dL),2024-08-07,111.88528893254156,53.469463284733415,170.3011145803497,False,-0.561399043423812,0.005509121372577382,0.9257765443233921
LDL CHOLESTEROL(mg/dL),2024-09-06,111.83914654541083,53.90337310567886,169.7749199851428,False,-0.561399043423812,0.005509121372577382,0.9257765443233921
LDL CHOLESTEROL(mg/dL),2024-10-06,111.7930041582801,54.27940343194209,169.3066048846181,False,-0.561399043423812,0.005509121372577382,0.9257765443233921
LDL CHOLESTEROL(mg/dL),2024-11-05,111.74686177114938,54.5962715776864,168.89745196461237,False,-0.561399043423812,0.005509121372577382,0.9257765443233921
LDL CHOLESTEROL(mg/dL),2024-12-05,111.70071938401865,54.85284416499654,168.54859460304078,False,-0.561399043423812,0.005509121372577382,0.9257765443233921
LDL CHOLESTEROL(mg/dL),2025-01-04,111.65457699688793,55.04815385535995,168.2610001384159,False,-0.561399043423812,0.005509121372577382,0.9257765443233921
LDL CHOLESTEROL(mg/dL),2025-02-03,111.60843460975721,55.181414208696154,168.03545501081828,False,-0.561399043423812,0.005509121372577382,0.9257765443233921
LDL CHOLESTEROL(mg/dL),2025-03-05,111.56229222262648,55.25203216009746,167.8725522851555,False,-0.561399043423812,0.005509121372577382,0.9257765443233921
LDL CHOLESTEROL(mg/dL),2025-04-04,111.51614983549575,55.259617665610044,167.77268200538145,False,-0.561399043423812,0.005509121372577382,0.9257765443233921
LDL CHOLESTEROL(mg/dL),2025-05-04,111.47000744836504,55.20399015766849,167.73602473906158,False,-0.561399043423812,0.005509121372577382,0.9257765443233921
LDL CHOLESTEROL(mg/dL),2025-06-03,111.42386506123431,55.0851815636908,167.7625485587778,False,-0.561399043423812,0.005509121372577382,0.9257765443233921
LDL CHOLESTEROL(mg/dL),2025-07-03,111.37772267410358,54.90343577095054,167.85200957725664,False,-0.561399043423812,0.005509121372577382,0.9257765443233921
LDL CHOLESTEROL(mg/dL),2025-08-02,111.33158028697287,54.65920455852164,168.00395601542408,False,-0.561399043423812,0.005509121372577382,0.9257765443233921
LDL CHOLESTEROL(mg/dL),2025-09-01,111.28543789984214,54.35314015332838,168.2177356463559,False,-0.561399043423812,0.005509121372577382,0.9257765443233921
LDL CHOLESTEROL(mg/dL),2025-10-01,111.23929551271141,53.98608469277146,168.49250633265135,False,-0.561399043423812,0.005509121372577382,0.9257765443233921
LDL CHOLESTEROL(mg/dL),2025-10-31,111.1931531255807,53.559056982836154,168.82724926832523,False,-0.561399043423812,0.005509121372577382,0.9257765443233921
LDL CHOLESTEROL(mg/dL),2025-11-30,111.14701073844996,53.073237021791954,169.22078445510797,False,-0.561399043423812,0.005509121372577382,0.9257765443233921
LDL CHOLESTEROL(mg/dL),2025-12-30,111.10086835131924,52.529948811841976,169.6717878907965,False,-0.561399043423812,0.005509121372577382,0.9257765443233921
LDL CHOLESTEROL(mg/dL),2026-01-29,111.05472596418852,51.93064200333479,170.17880992504226,False,-0.561399043423812,0.005509121372577382,0.9257765443233921
LDL CHOLESTEROL(mg/dL),2026-02-28,111.00858357705779,51.27687290990807,170.74029424420752,False,-0.561399043423812,0.005509121372577382,0.9257765443233921
LDL CHOLESTEROL(mg/dL),2026-03-30,110.96244118992706,50.57028540176252,171.3545969780916,False,-0.561399043423812,0.005509121372577382,0.9257765443233921
LDL CHOLESTEROL(mg/dL),2026-04-29,110.91629880279633,49.81259213320363,172.02000547238904,False,-0.561399043423812,0.005509121372577382,0.9257765443233921
LDL CHOLESTEROL(mg/dL),2026-05-29,110.87015641566562,49.00555649544337,172.73475633588788,False,-0.561399043423812,0.005509121372577382,0.9257765443233921
LDL CHOLESTEROL(mg/dL),2026-06-28,110.82401402853489,48.150975612334406,173.49705244473537,False,-0.561399043423812,0.005509121372577382,0.9257765443233921
LDL CHOLESTEROL(mg/dL),2026-07-28,110.77787164140416,47.25066462069719,174.30507866211113,False,-0.561399043423812,0.005509121372577382,0.9257765443233921
LDL CHOLESTEROL(mg/dL),2026-08-27,110.73172925427345,46.30644240284511,175.15701610570179,False,-0.561399043423812,0.005509121372577382,0.9257765443233921
LDL CHOLESTEROL(mg/dL),2026-09-26,110.68558686714272,45.32011887042651,176.05105486385892,False,-0.561399043423812,0.005509121372577382,0.9257765443233921
LDL CHOLESTEROL(mg/dL),2026-10-26,110.63944448001199,44.29348383827826,176.9854051217457,False,-0.561399043423812,0.005509121372577382,0.9257765443233921
LDL CHOLESTEROL(mg/dL),2026-11-25,110.59330209288127,43.2282974760695,177.95830670969303,False,-0.561399043423812,0.005509121372577382,0.9257765443233921
LDL CHOLESTEROL(mg/dL),2026-12-25,110.54715970575054,42.12628228463362,178.96803712686747,False,-0.561399043423812,0.005509121372577382,0.9257765443233921
LDL CHOLESTEROL(mg/dL),2027-01-24,110.50101731861982,40.989116512845655,180.012918124394,False,-0.561399043423812,0.005509121372577382,0.9257765443233921
LDL CHOLESTEROL(mg/dL),2027-02-23,110.4548749314891,39.818428908972464,181.09132095400574,False,-0.561399043423812,0.005509121372577382,0.9257765443233921
LDL CHOLESTEROL(mg/dL),2027-03-25,110.40873254435837,38.61579468654486,182.20167040217189,False,-0.561399043423812,0.005509121372577382,0.9257765443233921
LYMPHOCYTE (%),2023-06-14,41.2,41.2,41.2,True,2.564864864864863,1.0,0.0
LYMPHOCYTE (%),2023-07-14,41.410810810810815,41.410810810810815,41.410810810810815,False,2.564864864864863,1.0,0.0
LYMPHOCYTE (%),2023-08-13,41.62162162162162,41.62162162162162,41.62162162162162,False,2.564864864864863,1.0,0.0
LYMPHOCYTE (%),2023-09-12,41.832432432432434,41.832432432432434,41.832432432432434,False,2.564864864864863,1.0,0.0
LYMPHOCYTE (%),2023-10-12,42.043243243243246,42.043243243243246,42.043243243243246,False,2.564864864864863,1.0,0.0
LYMPHOCYTE (%),2023-11-11,42.25405405405406,42.25405405405406,42.25405405405406,False,2.564864864864863,1.0,0.0
LYMPHOCYTE (%),2023-12-11,42.464864864864865,42.464864864864865,42.464864864864865,False,2.564864864864863,1.0,0.0
LYMPHOCYTE (%),2024-01-10,42.67567567567568,42.67567567567568,42.67567567567568,False,2.564864864864863,1.0,0.0
LYMPHOCYTE (%),2024-02-09,42.88648648648649,42.88648648648649,42.88648648648649,False,2.564864864864863,1.0,0.0
LYMPHOCYTE (%),2024-03-10,43.097297297297295,43.097297297297295,43.097297297297295,False,2.564864864864863,1.0,0.0
LYMPHOCYTE (%),2024-04-09,43.30810810810811,43.30810810810811,43.30810810810811,False,2.564864864864863,1.0,0.0
LYMPHOCYTE (%),2024-05-09,43.51891891891892,43.51891891891892,43.51891891891892,False,2.564864864864863,1.0,0.0
LYMPHOCYTE (%),2024-06-08,43.72972972972973,43.72972972972973,43.72972972972973,False,2.564864864864863,1.0,0.0
LYMPHOCYTE (%),2024-07-08,43.94054054054054,43.94054054054054,43.94054054054054,False,2.564864864864863,1.0,0.0
LYMPHOCYTE (%),2024-08-07,44.15135135135135,44.15135135135135,44.15135135135135,False,2.564864864864863,1.0,0.0
LYMPHOCYTE (%),2024-09-06,44.362162162162164,44.362162162162164,44.362162162162164,False,2.564864864864863,1.0,0.0
LYMPHOCYTE (%),2024-10-06,44.57297297297297,44.57297297297297,44.57297297297297,False,2.564864864864863,1.0,0.0
LYMPHOCYTE (%),2024-11-05,44.78378378378378,44.78378378378378,44.78378378378378,False,2.564864864864863,1.0,0.0
LYMPHOCYTE (%),2024-12-05,44.994594594594595,44.994594594594595,44.994594594594595,False,2.564864864864863,1.0,0.0
LYMPHOCYTE (%),2025-01-04,45.20540540540541,45.20540540540541,45.20540540540541,False,2.564864864864863,1.0,0.0
LYMPHOCYTE (%),2025-02-03,45.41621621621621,45.41621621621621,45.41621621621621,False,2.564864864864863,1.0,0.0
LYMPHOCYTE (%),2025-03-05,45.627027027027026,45.627027027027026,45.627027027027026,False,2.564864864864863,1.0,0.0
LYMPHOCYTE (%),2025-04-04,45.83783783783784,45.83783783783784,45.83783783783784,False,2.564864864864863,1.0,0.0
LYMPHOCYTE (%),2025-05-04,46.04864864864865,46.04864864864865,46.04864864864865,False,2.564864864864863,1.0,0.0
LYMPHOCYTE (%),2025-06-03,46.25945945945946,46.25945945945946,46.25945945945946,False,2.564864864864863,1.0,0.0
LYMPHOCYTE (%),2025-07-03,46.47027027027027,46.47027027027027,46.47027027027027,False,2.564864864864863,1.0,0.0
LYMPHOCYTE (%),2025-08-02,46.68108108108108,46.68108108108108,46.68108108108108,False,2.564864864864863,1.0,0.0
LYMPHOCYTE (%),2025-09-01,46.89189189189189,46.89189189189189,46.89189189189189,False,2.564864864864863,1.0,0.0
LYMPHOCYTE (%),2025-10-01,47.1027027027027,47.1027027027027,47.1027027027027,False,2.564864864864863,1.0,0.0
LYMPHOCYTE (%),2025-10-31,47.31351351351351,47.31351351351351,47.31351351351351,False,2.564864864864863,1.0,0.0
LYMPHOCYTE (%),2025-11-30,47.524324324324326,47.524324324324326,47.524324324324326,False,2.564864864864863,1.0,0.0
LYMPHOCYTE (%),2025-12-30,47.73513513513513,47.73513513513513,47.73513513513513,False,2.564864864864863,1.0,0.0
LYMPHOCYTE (%),2026-01-29,47.945945945945944,47.945945945945944,47.945945945945944,False,2.564864864864863,1.0,0.0
LYMPHOCYTE (%),2026-02-28,48.15675675675676,48.15675675675676,48.15675675675676,False,2.564864864864863,1.0,0.0
LYMPHOCYTE (%),2026-03-30,48.36756756756756,48.36756756756756,48.36756756756756,False,2.564864864864863,1.0,0.0
LYMPHOCYTE (%),2026-04-29,48.578378378378375,48.578378378378375,48.578378378378375,False,2.564864864864863,1.0,0.0
LYMPHOCYTE (%),2026-05-29,48.78918918918919,48.78918918918919,48.78918918918919,False,2.564864864864863,1.0,0.0
LYMPHOCYTE (%),2026-06-28,49.0,49.0,49.0,False,2.564864864864863,1.0,0.0
LYMPHOCYTE (%),2026-07-28,49.210810810810806,49.210810810810806,49.210810810810806,False,2.564864864864863,1.0,0.0
LYMPHOCYTE (%),2026-08-27,49.42162162162162,49.42162162162162,49.42162162162162,False,2.564864864864863,1.0,0.0
LYMPHOCYTE (%),2026-09-26,49.63243243243243,49.63243243243243,49.63243243243243,False,2.564864864864863,1.0,0.0
LYMPHOCYTE (%),2026-10-26,49.843243243243236,49.843243243243236,49.843243243243236,False,2.564864864864863,1.0,0.0
LYMPHOCYTE (%),2026-11-25,50.05405405405405,50.05405405405405,50.05405405405405,False,2.564864864864863,1.0,0.0
LYMPHOCYTE (%),2026-12-25,50.26486486486486,50.26486486486486,50.26486486486486,False,2.564864864864863,1.0,0.0
LYMPHOCYTE (%),2027-01-24,50.475675675675674,50.475675675675674,50.475675675675674,False,2.564864864864863,1.0,0.0
LYMPHOCYTE (%),2027-02-23,50.68648648648648,50.68648648648648,50.68648648648648,False,2.564864864864863,1.0,0.0
LYMPHOCYTE (%),2027-03-25,50.89729729729729,50.89729729729729,50.89729729729729,False,2.564864864864863,1.0,0.0
MCH (pg),2023-06-14,28.9,28.9,28.9,True,0.24662162162162163,1.0,0.0
MCH (pg),2023-07-14,28.92027027027027,28.92027027027027,28.92027027027027,False,0.24662162162162163,1.0,0.0
MCH (pg),2023-08-13,28.94054054054054,28.94054054054054,28.94054054054054,False,0.24662162162162163,1.0,0.0
MCH (pg),2023-09-12,28.96081081081081,28.96081081081081,28.96081081081081,False,0.24662162162162163,1.0,0.0
MCH (pg),2023-10-12,28.98108108108108,28.98108108108108,28.98108108108108,False,0.24662162162162163,1.0,0.0
MCH (pg),2023-11-11,29.00135135135135,29.00135135135135,29.00135135135135,False,0.24662162162162163,1.0,0.0
MCH (pg),2023-12-11,29.02162162162162,29.02162162162162,29.02162162162162,False,0.24662162162162163,1.0,0.0
MCH (pg),2024-01-10,29.04189189189189,29.04189189189189,29.04189189189189,False,0.24662162162162163,1.0,0.0
MCH (pg),2024-02-09,29.06216216216216,29.06216216216216,29.06216216216216,False,0.24662162162162163,1.0,0.0
MCH (pg),2024-03-10,29.08243243243243,29.08243243243243,29.08243243243243,False,0.24662162162162163,1.0,0.0
MCH (pg),2024-04-09,29.1027027027027,29.1027027027027,29.1027027027027,False,0.24662162162162163,1.0,0.0
MCH (pg),2024-05-09,29.12297297297297,29.12297297297297,29.12297297297297,False,0.24662162162162163,1.0,0.0
MCH (pg),2024-06-08,29.14324324324324,29.14324324324324,29.14324324324324,False,0.24662162162162163,1.0,0.0
MCH (pg),2024-07-08,29.16351351351351,29.16351351351351,29.16351351351351,False,0.24662162162162163,1.0,0.0
MCH (pg),2024-08-07,29.18378378378378,29.18378378378378,29.18378378378378,False,0.24662162162162163,1.0,0.0
MCH (pg),2024-09-06,29.20405405405405,29.20405405405405,29.20405405405405,False,0.24662162162162163,1.0,0.0
MCH (pg),2024-10-06,29.22432432432432,29.22432432432432,29.22432432432432,False,0.24662162162162163,1.0,0.0
MCH (pg),2024-11-05,29.24459459459459,29.24459459459459,29.24459459459459,False,0.24662162162162163,1.0,0.0
MCH (pg),2024-12-05,29.26486486486486,29.26486486486486,29.26486486486486,False,0.24662162162162163,1.0,0.0
MCH (pg),2025-01-04,29.285135135135135,29.285135135135135,29.285135135135135,False,0.24662162162162163,1.0,0.0
MCH (pg),2025-02-03,29.305405405405406,29.305405405405406,29.305405405405406,False,0.24662162162162163,1.0,0.0
MCH (pg),2025-03-05,29.325675675675676,29.325675675675676,29.325675675675676,False,0.24662162162162163,1.0,0.0
MCH (pg),2025-04-04,29.345945945945946,29.345945945945946,29.345945945945946,False,0.24662162162162163,1.0,0.0
MCH (pg),2025-05-04,29.366216216216216,29.366216216216216,29.366216216216216,False,0.24662162162162163,1.0,0.0
MCH (pg),2025-06-03,29.386486486486486,29.386486486486486,29.386486486486486,False,0.24662162162162163,1.0,0.0
MCH (pg),2025-07-03,29.406756756756756,29.406756756756756,29.406756756756756,False,0.24662162162162163,1.0,0.0
MCH (pg),2025-08-02,29.427027027027027,29.427027027027027,29.427027027027027,False,0.24662162162162163,1.0,0.0
MCH (pg),2025-09-01,29.447297297297297,29.447297297297297,29.447297297297297,False,0.24662162162162163,1.0,0.0
MCH (pg),2025-10-01,29.467567567567567,29.467567567567567,29.467567567567567,False,0.24662162162162163,1.0,0.0
MCH (pg),2025-10-31,29.487837837837837,29.487837837837837,29.487837837837837,False,0.24662162162162163,1.0,0.0
MCH (pg),2025-11-30,29.508108108108107,29.508108108108107,29.508108108108107,False,0.24662162162162163,1.0,0.0
MCH (pg),2025-12-30,29.528378378378378,29.528378378378378,29.528378378378378,False,0.24662162162162163,1.0,0.0
MCH (pg),2026-01-29,29.548648648648648,29.548648648648648,29.548648648648648,False,0.24662162162162163,1.0,0.0
MCH (pg),2026-02-28,29.568918918918918,29.568918918918918,29.568918918918918,False,0.24662162162162163,1.0,0.0
MCH (pg),2026-03-30,29.589189189189188,29.589189189189188,29.589189189189188,False,0.24662162162162163,1.0,0.0
MCH (pg),2026-04-29,29.60945945945946,29.60945945945946,29.60945945945946,False,0.24662162162162163,1.0,0.0
MCH (pg),2026-05-29,29.62972972972973,29.62972972972973,29.62972972972973,False,0.24662162162162163,1.0,0.0
MCH (pg),2026-06-28,29.65,29.65,29.65,False,0.24662162162162163,1.0,0.0
MCH (pg),2026-07-28,29.67027027027027,29.67027027027027,29.67027027027027,False,0.24662162162162163,1.0,0.0
MCH (pg),2026-08-27,29.69054054054054,29.69054054054054,29.69054054054054,False,0.24662162162162163,1.0,0.0
MCH (pg),2026-09-26,29.71081081081081,29.71081081081081,29.71081081081081,False,0.24662162162162163,1.0,0.0
MCH (pg),2026-10-26,29.73108108108108,29.73108108108108,29.73108108108108,False,0.24662162162162163,1.0,0.0
MCH (pg),2026-11-25,29.75135135135135,29.75135135135135,29.75135135135135,False,0.24662162162162163,1.0,0.0
MCH (pg),2026-12-25,29.77162162162162,29.77162162162162,29.77162162162162,False,0.24662162162162163,1.0,0.0
MCH (pg),2027-01-24,29.79189189189189,29.79189189189189,29.79189189189189,False,0.24662162162162163,1.0,0.0
MCH (pg),2027-02-23,29.81216216216216,29.81216216216216,29.81216216216216,False,0.24662162162162163,1.0,0.0
MCH (pg),2027-03-25,29.83243243243243,29.83243243243243,29.83243243243243,False,0.24662162162162163,1.0,0.0
MCHC (g/dL),2023-06-14,32.9,32.9,32.9,True,0.09864864864865006,1.0,0.0
MCHC (g/dL),2023-07-14,32.90810810810811,32.90810810810811,32.90810810810811,False,0.09864864864865006,1.0,0.0
MCHC (g/dL),2023-08-13,32.91621621621621,32.91621621621621,32.91621621621621,False,0.09864864864865006,1.0,0.0
MCHC (g/dL),2023-09-12,32.924324324324324,32.924324324324324,32.924324324324324,False,0.09864864864865006,1.0,0.0
MCHC (g/dL),2023-10-12,32.93243243243243,32.93243243243243,32.93243243243243,False,0.09864864864865006,1.0,0.0
MCHC (g/dL),2023-11-11,32.94054054054054,32.94054054054054,32.94054054054054,False,0.09864864864865006,1.0,0.0
MCHC (g/dL),2023-12-11,32.94864864864865,32.94864864864865,32.94864864864865,False,0.09864864864865006,1.0,0.0
MCHC (g/dL),2024-01-10,32.956756756756754,32.956756756756754,32.956756756756754,False,0.09864864864865006,1.0,0.0
MCHC (g/dL),2024-02-09,32.964864864864865,32.964864864864865,32.964864864864865,False,0.09864864864865006,1.0,0.0
MCHC (g/dL),2024-03-10,32.972972972972975,32.972972972972975,32.972972972972975,False,0.09864864864865006,1.0,0.0
MCHC (g/dL),2024-04-09,32.98108108108108,32.98108108108108,32.98108108108108,False,0.09864864864865006,1.0,0.0
MCHC (g/dL),2024-05-09,32.98918918918919,32.98918918918919,32.98918918918919,False,0.09864864864865006,1.0,0.0
MCHC (g/dL),2024-06-08,32.997297297297294,32.997297297297294,32.997297297297294,False,0.09864864864865006,1.0,0.0
MCHC (g/dL),2024-07-08,33.005405405405405,33.005405405405405,33.005405405405405,False,0.09864864864865006,1.0,0.0
MCHC (g/dL),2024-08-07,33.013513513513516,33.013513513513516,33.013513513513516,False,0.09864864864865006,1.0,0.0
MCHC (g/dL),2024-09-06,33.02162162162162,33.02162162162162,33.02162162162162,False,0.09864864864865006,1.0,0.0
MCHC (g/dL),2024-10-06,33.02972972972973,33.02972972972973,33.02972972972973,False,0.09864864864865006,1.0,0.0
MCHC (g/dL),2024-11-05,33.03783783783784,33.03783783783784,33.03783783783784,False,0.09864864864865006,1.0,0.0
MCHC (g/dL),2024-12-05,33.045945945945945,33.045945945945945,33.045945945945945,False,0.09864864864865006,1.0,0.0
MCHC (g/dL),2025-01-04,33.054054054054056,33.054054054054056,33.054054054054056,False,0.09864864864865006,1.0,0.0
MCHC (g/dL),2025-02-03,33.06216216216216,33.06216216216216,33.06216216216216,False,0.09864864864865006,1.0,0.0
MCHC (g/dL),2025-03-05,33.07027027027027,33.07027027027027,33.07027027027027,False,0.09864864864865006,1.0,0.0
MCHC (g/dL),2025-04-04,33.07837837837838,33.07837837837838,33.07837837837838,False,0.09864864864865006,1.0,0.0
MCHC (g/dL),2025-05-04,33.086486486486486,33.086486486486486,33.086486486486486,False,0.09864864864865006,1.0,0.0
MCHC (g/dL),2025-06-03,33.0945945945946,33.0945945945946,33.0945945945946,False,0.09864864864865006,1.0,0.0
MCHC (g/dL),2025-07-03,33.10270270270271,33.10270270270271,33.10270270270271,False,0.09864864864865006,1.0,0.0
MCHC (g/dL),2025-08-02,33.11081081081081,33.11081081081081,33.11081081081081,False,0.09864864864865006,1.0,0.0
MCHC (g/dL),2025-09-01,33.11891891891892,33.11891891891892,33.11891891891892,False,0.09864864864865006,1.0,0.0
MCHC (g/dL),2025-10-01,33.127027027027026,33.127027027027026,33.127027027027026,False,0.09864864864865006,1.0,0.0
MCHC (g/dL),2025-10-31,33.13513513513514,33.13513513513514,33.13513513513514,False,0.09864864864865006,1.0,0.0
MCHC (g/dL),2025-11-30,33.14324324324325,33.14324324324325,33.14324324324325,False,0.09864864864865006,1.0,0.0
MCHC (g/dL),2025-12-30,33.15135135135135,33.15135135135135,33.15135135135135,False,0.09864864864865006,1.0,0.0
MCHC (g/dL),2026-01-29,33.15945945945946,33.15945945945946,33.15945945945946,False,0.09864864864865006,1.0,0.0
MCHC (g/dL),2026-02-28,33.16756756756757,33.16756756756757,33.16756756756757,False,0.09864864864865006,1.0,0.0
MCHC (g/dL),2026-03-30,33.17567567567568,33.17567567567568,33.17567567567568,False,0.09864864864865006,1.0,0.0
MCHC (g/dL),2026-04-29,33.18378378378379,33.18378378378379,33.18378378378379,False,0.09864864864865006,1.0,0.0
MCHC (g/dL),2026-05-29,33.19189189189189,33.19189189189189,33.19189189189189,False,0.09864864864865006,1.0,0.0
MCHC (g/dL),2026-06-28,33.2,33.2,33.2,False,0.09864864864865006,1.0,0.0
MCHC (g/dL),2026-07-28,33.208108108108114,33.208108108108114,33.208108108108114,False,0.09864864864865006,1.0,0.0
MCHC (g/dL),2026-08-27,33.21621621621622,33.21621621621622,33.21621621621622,False,0.09864864864865006,1.0,0.0
MCHC (g/dL),2026-09-26,33.22432432432433,33.22432432432433,33.22432432432433,False,0.09864864864865006,1.0,0.0
MCHC (g/dL),2026-10-26,33.23243243243243,33.23243243243243,33.23243243243243,False,0.09864864864865006,1.0,0.0
MCHC (g/dL),2026-11-25,33.24054054054054,33.24054054054054,33.24054054054054,False,0.09864864864865006,1.0,0.0
MCHC (g/dL),2026-12-25,33.248648648648654,33.248648648648654,33.248648648648654,False,0.09864864864865006,1.0,0.0
MCHC (g/dL),2027-01-24,33.25675675675676,33.25675675675676,33.25675675675676,False,0.09864864864865006,1.0,0.0
MCHC (g/dL),2027-02-23,33.26486486486487,33.26486486486487,33.26486486486487,False,0.09864864864865006,1.0,0.0
MCHC (g/dL),2027-03-25,33.27297297297298,33.27297297297298,33.27297297297298,False,0.09864864864865006,1.0,0.0
MCV (fL),2023-06-14,87.9,87.9,87.9,True,0.4439189189189147,1.0,0.0
MCV (fL),2023-07-14,87.93648648648649,87.93648648648649,87.93648648648649,False,0.4439189189189147,1.0,0.0
MCV (fL),2023-08-13,87.97297297297298,87.97297297297298,87.97297297297298,False,0.4439189189189147,1.0,0.0
MCV (fL),2023-09-12,88.00945945945946,88.00945945945946,88.00945945945946,False,0.4439189189189147,1.0,0.0
MCV (fL),2023-10-12,88.04594594594595,88.04594594594595,88.04594594594595,False,0.4439189189189147,1.0,0.0
MCV (fL),2023-11-11,88.08243243243244,88.08243243243244,88.08243243243244,False,0.4439189189189147,1.0,0.0
MCV (fL),2023-12-11,88.11891891891892,88.11891891891892,88.11891891891892,False,0.4439189189189147,1.0,0.0
MCV (fL),2024-01-10,88.1554054054054,88.1554054054054,88.1554054054054,False,0.4439189189189147,1.0,0.0
MCV (fL),2024-02-09,88.1918918918919,88.1918918918919,88.1918918918919,False,0.4439189189189147,1.0,0.0
MCV (fL),2024-03-10,88.22837837837838,88.22837837837838,88.22837837837838,False,0.4439189189189147,1.0,0.0
MCV (fL),2024-04-09,88.26486486486486,88.26486486486486,88.26486486486486,False,0.4439189189189147,1.0,0.0
MCV (fL),2024-05-09,88.30135135135136,88.30135135135136,88.30135135135136,False,0.4439189189189147,1.0,0.0
MCV (fL),2024-06-08,88.33783783783784,88.33783783783784,88.33783783783784,False,0.4439189189189147,1.0,0.0
MCV (fL),2024-07-08,88.37432432432432,88.37432432432432,88.37432432432432,False,0.4439189189189147,1.0,0.0
MCV (fL),2024-08-07,88.41081081081082,88.41081081081082,88.41081081081082,False,0.4439189189189147,1.0,0.0
MCV (fL),2024-09-06,88.4472972972973,88.4472972972973,88.4472972972973,False,0.4439189189189147,1.0,0.0
MCV (fL),2024-10-06,88.48378378378378,88.48378378378378,88.48378378378378,False,0.4439189189189147,1.0,0.0
MCV (fL),2024-11-05,88.52027027027027,88.52027027027027,88.52027027027027,False,0.4439189189189147,1.0,0.0
MCV (fL),2024-12-05,88.55675675675676,88.55675675675676,88.55675675675676,False,0.4439189189189147,1.0,0.0
MCV (fL),2025-01-04,88.59324324324324,88.59324324324324,88.59324324324324,False,0.4439189189189147,1.0,0.0
MCV (fL),2025-02-03,88.62972972972973,88.62972972972973,88.62972972972973,False,0.4439189189189147,1.0,0.0
MCV (fL),2025-03-05,88.66621621621621,88.66621621621621,88.66621621621621,False,0.4439189189189147,1.0,0.0
MCV (fL),2025-04-04,88.7027027027027,88.7027027027027,88.7027027027027,False,0.4439189189189147,1.0,0.0
MCV (fL),2025-05-04,88.73918918918919,88.73918918918919,88.73918918918919,False,0.4439189189189147,1.0,0.0
MCV (fL),2025-06-03,88.77567567567567,88.77567567567567,88.77567567567567,False,0.4439189189189147,1.0,0.0
MCV (fL),2025-07-03,88.81216216216215,88.81216216216215,88.81216216216215,False,0.4439189189189147,1.0,0.0
MCV (fL),2025-08-02,88.84864864864865,88.84864864864865,88.84864864864865,False,0.4439189189189147,1.0,0.0
MCV (fL),2025-09-01,88.88513513513513,88.88513513513513,88.88513513513513,False,0.4439189189189147,1.0,0.0
MCV (fL),2025-10-01,88.92162162162161,88.92162162162161,88.92162162162161,False,0.4439189189189147,1.0,0.0
MCV (fL),2025-10-31,88.9581081081081,88.9581081081081,88.9581081081081,False,0.4439189189189147,1.0,0.0
MCV (fL),2025-11-30,88.99459459459459,88.99459459459459,88.99459459459459,False,0.4439189189189147,1.0,0.0
MCV (fL),2025-12-30,89.03108108108107,89.03108108108107,89.03108108108107,False,0.4439189189189147,1.0,0.0
MCV (fL),2026-01-29,89.06756756756756,89.06756756756756,89.06756756756756,False,0.4439189189189147,1.0,0.0
MCV (fL),2026-02-28,89.10405405405405,89.10405405405405,89.10405405405405,False,0.4439189189189147,1.0,0.0
MCV (fL),2026-03-30,89.14054054054053,89.14054054054053,89.14054054054053,False,0.4439189189189147,1.0,0.0
MCV (fL),2026-04-29,89.17702702702702,89.17702702702702,89.17702702702702,False,0.4439189189189147,1.0,0.0
MCV (fL),2026-05-29,89.2135135135135,89.2135135135135,89.2135135135135,False,0.4439189189189147,1.0,0.0
MCV (fL),2026-06-28,89.25,89.25,89.25,False,0.4439189189189147,1.0,0.0
MCV (fL),2026-07-28,89.28648648648648,89.28648648648648,89.28648648648648,False,0.4439189189189147,1.0,0.0
MCV (fL),2026-08-27,89.32297297297296,89.32297297297296,89.32297297297296,False,0.4439189189189147,1.0,0.0
MCV (fL),2026-09-26,89.35945945945946,89.35945945945946,89.35945945945946,False,0.4439189189189147,1.0,0.0
MCV (fL),2026-10-26,89.39594594594594,89.39594594594594,89.39594594594594,False,0.4439189189189147,1.0,0.0
MCV (fL),2026-11-25,89.43243243243242,89.43243243243242,89.43243243243242,False,0.4439189189189147,1.0,0.0
MCV (fL),2026-12-25,89.46891891891892,89.46891891891892,89.46891891891892,False,0.4439189189189147,1.0,0.0
MCV (fL),2027-01-24,89.5054054054054,89.5054054054054,89.5054054054054,False,0.4439189189189147,1.0,0.0
MCV (fL),2027-02-23,89.54189189189188,89.54189189189188,89.54189189189188,False,0.4439189189189147,1.0,0.0
MCV (fL),2027-03-25,89.57837837837837,89.57837837837837,89.57837837837837,False,0.4439189189189147,1.0,0.0
MONOCYTE (%),2023-06-14,7.0,7.0,7.0,True,-0.3945945945945945,1.0,0.0
MONOCYTE (%),2023-07-14,6.967567567567568,6.967567567567568,6.967567567567568,False,-0.3945945945945945,1.0,0.0
MONOCYTE (%),2023-08-13,6.935135135135135,6.935135135135135,6.935135135135135,False,-0.3945945945945945,1.0,0.0
MONOCYTE (%),2023-09-12,6.902702702702703,6.902702702702703,6.902702702702703,False,-0.3945945945945945,1.0,0.0
MONOCYTE (%),2023-10-12,6.870270270270271,6.870270270270271,6.870270270270271,False,-0.3945945945945945,1.0,0.0
MONOCYTE (%),2023-11-11,6.837837837837838,6.837837837837838,6.837837837837838,False,-0.3945945945945945,1.0,0.0
MONOCYTE (%),2023-12-11,6.805405405405406,6.805405405405406,6.805405405405406,False,-0.3945945945945945,1.0,0.0
MONOCYTE (%),2024-01-10,6.772972972972973,6.772972972972973,6.772972972972973,False,-0.3945945945945945,1.0,0.0
MONOCYTE (%),2024-02-09,6.7405405405405405,6.7405405405405405,6.7405405405405405,False,-0.3945945945945945,1.0,0.0
MONOCYTE (%),2024-03-10,6.708108108108108,6.708108108108108,6.708108108108108,False,-0.3945945945945945,1.0,0.0
MONOCYTE (%),2024-04-09,6.675675675675675,6.675675675675675,6.675675675675675,False,-0.3945945945945945,1.0,0.0
MONOCYTE (%),2024-05-09,6.643243243243243,6.643243243243243,6.643243243243243,False,-0.3945945945945945,1.0,0.0
MONOCYTE (%),2024-06-08,6.610810810810811,6.610810810810811,6.610810810810811,False,-0.3945945945945945,1.0,0.0
MONOCYTE (%),2024-07-08,6.578378378378378,6.578378378378378,6.578378378378378,False,-0.3945945945945945,1.0,0.0
MONOCYTE (%),2024-08-07,6.545945945945946,6.545945945945946,6.545945945945946,False,-0.3945945945945945,1.0,0.0
MONOCYTE (%),2024-09-06,6.513513513513514,6.513513513513514,6.513513513513514,False,-0.3945945945945945,1.0,0.0
MONOCYTE (%),2024-10-06,6.481081081081081,6.481081081081081,6.481081081081081,False,-0.3945945945945945,1.0,0.0
MONOCYTE (%),2024-11-05,6.448648648648649,6.448648648648649,6.448648648648649,False,-0.3945945945945945,1.0,0.0
MONOCYTE (%),2024-12-05,6.416216216216216,6.416216216216216,6.416216216216216,False,-0.3945945945945945,1.0,0.0
MONOCYTE (%),2025-01-04,6.383783783783784,6.383783783783784,6.383783783783784,False,-0.3945945945945945,1.0,0.0
MONOCYTE (%),2025-02-03,6.351351351351352,6.351351351351352,6.351351351351352,False,-0.3945945945945945,1.0,0.0
MONOCYTE (%),2025-03-05,6.318918918918919,6.318918918918919,6.318918918918919,False,-0.3945945945945945,1.0,0.0
MONOCYTE (%),2025-04-04,6.286486486486487,6.286486486486487,6.286486486486487,False,-0.3945945945945945,1.0,0.0
MONOCYTE (%),2025-05-04,6.254054054054055,6.254054054054055,6.254054054054055,False,-0.3945945945945945,1.0,0.0
MONOCYTE (%),2025-06-03,6.221621621621622,6.221621621621622,6.221621621621622,False,-0.3945945945945945,1.0,0.0
MONOCYTE (%),2025-07-03,6.1891891891891895,6.1891891891891895,6.1891891891891895,False,-0.3945945945945945,1.0,0.0
MONOCYTE (%),2025-08-02,6.1567567567567565,6.1567567567567565,6.1567567567567565,False,-0.3945945945945945,1.0,0.0
MONOCYTE (%),2025-09-01,6.124324324324324,6.124324324324324,6.124324324324324,False,-0.3945945945945945,1.0,0.0
MONOCYTE (%),2025-10-01,6.091891891891892,6.091891891891892,6.091891891891892,False,-0.3945945945945945,1.0,0.0
MONOCYTE (%),2025-10-31,6.059459459459459,6.059459459459459,6.059459459459459,False,-0.3945945945945945,1.0,0.0
MONOCYTE (%),2025-11-30,6.027027027027027,6.027027027027027,6.027027027027027,False,-0.3945945945945945,1.0,0.0
MONOCYTE (%),2025-12-30,5.994594594594595,5.994594594594595,5.994594594594595,False,-0.3945945945945945,1.0,0.0
MONOCYTE (%),2026-01-29,5.962162162162162,5.962162162162162,5.962162162162162,False,-0.3945945945945945,1.0,0.0
MONOCYTE (%),2026-02-28,5.92972972972973,5.92972972972973,5.92972972972973,False,-0.3945945945945945,1.0,0.0
MONOCYTE (%),2026-03-30,5.897297297297298,5.897297297297298,5.897297297297298,False,-0.3945945945945945,1.0,0.0
MONOCYTE (%),2026-04-29,5.864864864864865,5.864864864864865,5.864864864864865,False,-0.3945945945945945,1.0,0.0
MONOCYTE (%),2026-05-29,5.832432432432433,5.832432432432433,5.832432432432433,False,-0.3945945945945945,1.0,0.0
MONOCYTE (%),2026-06-28,5.800000000000001,5.800000000000001,5.800000000000001,False,-0.3945945945945945,1.0,0.0
MONOCYTE (%),2026-07-28,5.767567567567568,5.767567567567568,5.767567567567568,False,-0.3945945945945945,1.0,0.0
MONOCYTE (%),2026-08-27,5.735135135135136,5.735135135135136,5.735135135135136,False,-0.3945945945945945,1.0,0.0
MONOCYTE (%),2026-09-26,5.702702702702703,5.702702702702703,5.702702702702703,False,-0.3945945945945945,1.0,0.0
MONOCYTE (%),2026-10-26,5.6702702702702705,5.6702702702702705,5.6702702702702705,False,-0.3945945945945945,1.0,0.0
MONOCYTE (%),2026-11-25,5.6378378378378375,5.6378378378378375,5.6378378378378375,False,-0.3945945945945945,1.0,0.0
MONOCYTE (%),2026-12-25,5.605405405405405,5.605405405405405,5.605405405405405,False,-0.3945945945945945,1.0,0.0
MONOCYTE (%),2027-01-24,5.572972972972973,5.572972972972973,5.572972972972973,False,-0.3945945945945945,1.0,0.0
MONOCYTE (%),2027-02-23,5.54054054054054,5.54054054054054,5.54054054054054,False,-0.3945945945945945,1.0,0.0
MONOCYTE (%),2027-03-25,5.508108108108108,5.508108108108108,5.508108108108108,False,-0.3945945945945945,1.0,0.0
NEUTROPHIL (%),2023-06-14,48.7,48.7,48.7,True,-1.7756756756756762,1.0,0.0
NEUTROPHIL (%),2023-07-14,48.554054054054056,48.554054054054056,48.554054054054056,False,-1.7756756756756762,1.0,0.0
NEUTROPHIL (%),2023-08-13,48.40810810810811,48.40810810810811,48.40810810810811,False,-1.7756756756756762,1.0,0.0
NEUTROPHIL (%),2023-09-12,48.26216216216216,48.26216216216216,48.26216216216216,False,-1.7756756756756762,1.0,0.0
NEUTROPHIL (%),2023-10-12,48.116216216216216,48.116216216216216,48.116216216216216,False,-1.7756756756756762,1.0,0.0
NEUTROPHIL (%),2023-11-11,47.97027027027027,47.97027027027027,47.97027027027027,False,-1.7756756756756762,1.0,0.0
NEUTROPHIL (%),2023-12-11,47.82432432432433,47.82432432432433,47.82432432432433,False,-1.7756756756756762,1.0,0.0
NEUTROPHIL (%),2024-01-10,47.67837837837838,47.67837837837838,47.67837837837838,False,-1.7756756756756762,1.0,0.0
NEUTROPHIL (%),2024-02-09,47.53243243243244,47.53243243243244,47.53243243243244,False,-1.7756756756756762,1.0,0.0
NEUTROPHIL (%),2024-03-10,47.38648648648649,47.38648648648649,47.38648648648649,False,-1.7756756756756762,1.0,0.0
NEUTROPHIL (%),2024-04-09,47.24054054054054,47.24054054054054,47.24054054054054,False,-1.7756756756756762,1.0,0.0
NEUTROPHIL (%),2024-05-09,47.0945945945946,47.0945945945946,47.0945945945946,False,-1.7756756756756762,1.0,0.0
NEUTROPHIL (%),2024-06-08,46.94864864864865,46.94864864864865,46.94864864864865,False,-1.7756756756756762,1.0,0.0
NEUTROPHIL (%),2024-07-08,46.8027027027027,46.8027027027027,46.8027027027027,False,-1.7756756756756762,1.0,0.0
NEUTROPHIL (%),2024-08-07,46.65675675675676,46.65675675675676,46.65675675675676,False,-1.7756756756756762,1.0,0.0
NEUTROPHIL (%),2024-09-06,46.51081081081081,46.51081081081081,46.51081081081081,False,-1.7756756756756762,1.0,0.0
NEUTROPHIL (%),2024-10-06,46.36486486486487,46.36486486486487,46.36486486486487,False,-1.7756756756756762,1.0,0.0
NEUTROPHIL (%),2024-11-05,46.218918918918924,46.218918918918924,46.218918918918924,False,-1.7756756756756762,1.0,0.0
NEUTROPHIL (%),2024-12-05,46.07297297297298,46.07297297297298,46.07297297297298,False,-1.7756756756756762,1.0,0.0
NEUTROPHIL (%),2025-01-04,45.92702702702703,45.92702702702703,45.92702702702703,False,-1.7756756756756762,1.0,0.0
NEUTROPHIL (%),2025-02-03,45.78108108108108,45.78108108108108,45.78108108108108,False,-1.7756756756756762,1.0,0.0
NEUTROPHIL (%),2025-03-05,45.63513513513514,45.63513513513514,45.63513513513514,False,-1.7756756756756762,1.0,0.0
NEUTROPHIL (%),2025-04-04,45.48918918918919,45.48918918918919,45.48918918918919,False,-1.7756756756756762,1.0,0.0
NEUTROPHIL (%),2025-05-04,45.34324324324324,45.34324324324324,45.34324324324324,False,-1.7756756756756762,1.0,0.0
NEUTROPHIL (%),2025-06-03,45.1972972972973,45.1972972972973,45.1972972972973,False,-1.7756756756756762,1.0,0.0
NEUTROPHIL (%),2025-07-03,45.05135135135135,45.05135135135135,45.05135135135135,False,-1.7756756756756762,1.0,0.0
NEUTROPHIL (%),2025-08-02,44.9054054054054,44.9054054054054,44.9054054054054,False,-1.7756756756756762,1.0,0.0
NEUTROPHIL (%),2025-09-01,44.759459459459464,44.759459459459464,44.759459459459464,False,-1.7756756756756762,1.0,0.0
NEUTROPHIL (%),2025-10-01,44.61351351351352,44.61351351351352,44.61351351351352,False,-1.7756756756756762,1.0,0.0
NEUTROPHIL (%),2025-10-31,44.46756756756757,44.46756756756757,44.46756756756757,False,-1.7756756756756762,1.0,0.0
NEUTROPHIL (%),2025-11-30,44.321621621621624,44.321621621621624,44.321621621621624,False,-1.7756756756756762,1.0,0.0
NEUTROPHIL (%),2025-12-30,44.17567567567568,44.17567567567568,44.17567567567568,False,-1.7756756756756762,1.0,0.0
NEUTROPHIL (%),2026-01-29,44.02972972972973,44.02972972972973,44.02972972972973,False,-1.7756756756756762,1.0,0.0
NEUTROPHIL (%),2026-02-28,43.883783783783784,43.883783783783784,43.883783783783784,False,-1.7756756756756762,1.0,0.0
NEUTROPHIL (%),2026-03-30,43.73783783783784,43.73783783783784,43.73783783783784,False,-1.7756756756756762,1.0,0.0
NEUTROPHIL (%),2026-04-29,43.59189189189189,43.59189189189189,43.59189189189189,False,-1.7756756756756762,1.0,0.0
NEUTROPHIL (%),2026-05-29,43.44594594594595,43.44594594594595,43.44594594594595,False,-1.7756756756756762,1.0,0.0
NEUTROPHIL (%),2026-06-28,43.300000000000004,43.300000000000004,43.300000000000004,False,-1.7756756756756762,1.0,0.0
NEUTROPHIL (%),2026-07-28,43.15405405405406,43.15405405405406,43.15405405405406,False,-1.7756756756756762,1.0,0.0
NEUTROPHIL (%),2026-08-27,43.00810810810811,43.00810810810811,43.00810810810811,False,-1.7756756756756762,1.0,0.0
NEUTROPHIL (%),2026-09-26,42.862162162162164,42.862162162162164,42.862162162162164,False,-1.7756756756756762,1.0,0.0
NEUTROPHIL (%),2026-10-26,42.71621621621622,42.71621621621622,42.71621621621622,False,-1.7756756756756762,1.0,0.0
NEUTROPHIL (%),2026-11-25,42.57027027027027,42.57027027027027,42.57027027027027,False,-1.7756756756756762,1.0,0.0
NEUTROPHIL (%),2026-12-25,42.424324324324324,42.424324324324324,42.424324324324324,False,-1.7756756756756762,1.0,0.0
NEUTROPHIL (%),2027-01-24,42.27837837837838,42.27837837837838,42.27837837837838,False,-1.7756756756756762,1.0,0.0
NEUTROPHIL (%),2027-02-23,42.13243243243243,42.13243243243243,42.13243243243243,False,-1.7756756756756762,1.0,0.0
NEUTROPHIL (%),2027-03-25,41.986486486486484,41.986486486486484,41.986486486486484,False,-1.7756756756756762,1.0,0.0
PLATELET (x10^3/microL),2023-06-14,190.0,190.0,190.0,True,9.864864864864865,1.0,0.0
PLATELET (x10^3/microL),2023-07-14,190.8108108108108,190.8108108108108,190.8108108108108,False,9.864864864864865,1.0,0.0
PLATELET (x10^3/microL),2023-08-13,191.6216216216216,191.6216216216216,191.6216216216216,False,9.864864864864865,1.0,0.0
PLATELET (x10^3/microL),2023-09-12,192.43243243243242,192.43243243243242,192.43243243243242,False,9.864864864864865,1.0,0.0
PLATELET (x10^3/microL),2023-10-12,193.24324324324326,193.24324324324326,193.24324324324326,False,9.864864864864865,1.0,0.0
PLATELET (x10^3/microL),2023-11-11,194.05405405405406,194.05405405405406,194.05405405405406,False,9.864864864864865,1.0,0.0
PLATELET (x10^3/microL),2023-12-11,194.86486486486487,194.86486486486487,194.86486486486487,False,9.864864864864865,1.0,0.0
PLATELET (x10^3/microL),2024-01-10,195.67567567567568,195.67567567567568,195.67567567567568,False,9.864864864864865,1.0,0.0
PLATELET (x10^3/microL),2024-02-09,196.48648648648648,196.48648648648648,196.48648648648648,False,9.864864864864865,1.0,0.0
PLATELET (x10^3/microL),2024-03-10,197.2972972972973,197.2972972972973,197.2972972972973,False,9.864864864864865,1.0,0.0
PLATELET (x10^3/microL),2024-04-09,198.1081081081081,198.1081081081081,198.1081081081081,False,9.864864864864865,1.0,0.0
PLATELET (x10^3/microL),2024-05-09,198.9189189189189,198.9189189189189,198.9189189189189,False,9.864864864864865,1.0,0.0
PLATELET (x10^3/microL),2024-06-08,199.72972972972974,199.72972972972974,199.72972972972974,False,9.864864864864865,1.0,0.0
PLATELET (x10^3/microL),2024-07-08,200.54054054054055,200.54054054054055,200.54054054054055,False,9.864864864864865,1.0,0.0
PLATELET (x10^3/microL),2024-08-07,201.35135135135135,201.35135135135135,201.35135135135135,False,9.864864864864865,1.0,0.0
PLATELET (x10^3/microL),2024-09-06,202.16216216216216,202.16216216216216,202.16216216216216,False,9.864864864864865,1.0,0.0
PLATELET (x10^3/microL),2024-10-06,202.97297297297297,202.97297297297297,202.97297297297297,False,9.864864864864865,1.0,0.0
PLATELET (x10^3/microL),2024-11-05,203.78378378378378,203.78378378378378,203.78378378378378,False,9.864864864864865,1.0,0.0
PLATELET (x10^3/microL),2024-12-05,204.59459459459458,204.59459459459458,204.59459459459458,False,9.864864864864865,1.0,0.0
PLATELET (x10^3/microL),2025-01-04,205.40540540540542,205.40540540540542,205.40540540540542,False,9.864864864864865,1.0,0.0
PLATELET (x10^3/microL),2025-02-03,206.21621621621622,206.21621621621622,206.21621621621622,False,9.864864864864865,1.0,0.0
PLATELET (x10^3/microL),2025-03-05,207.02702702702703,207.02702702702703,207.02702702702703,False,9.864864864864865,1.0,0.0
PLATELET (x10^3/microL),2025-04-04,207.83783783783784,207.83783783783784,207.83783783783784,False,9.864864864864865,1.0,0.0
PLATELET (x10^3/microL),2025-05-04,208.64864864864865,208.64864864864865,208.64864864864865,False,9.864864864864865,1.0,0.0
PLATELET (x10^3/microL),2025-06-03,209.45945945945945,209.45945945945945,209.45945945945945,False,9.864864864864865,1.0,0.0
PLATELET (x10^3/microL),2025-07-03,210.27027027027026,210.27027027027026,210.27027027027026,False,9.864864864864865,1.0,0.0
PLATELET (x10^3/microL),2025-08-02,211.0810810810811,211.0810810810811,211.0810810810811,False,9.864864864864865,1.0,0.0
PLATELET (x10^3/microL),2025-09-01,211.8918918918919,211.8918918918919,211.8918918918919,False,9.864864864864865,1.0,0.0
PLATELET (x10^3/microL),2025-10-01,212.7027027027027,212.7027027027027,212.7027027027027,False,9.864864864864865,1.0,0.0
PLATELET (x10^3/microL),2025-10-31,213.51351351351352,213.51351351351352,213.51351351351352,False,9.864864864864865,1.0,0.0
PLATELET (x10^3/microL),2025-11-30,214.32432432432432,214.32432432432432,214.32432432432432,False,9.864864864864865,1.0,0.0
PLATELET (x10^3/microL),2025-12-30,215.13513513513513,215.13513513513513,215.13513513513513,False,9.864864864864865,1.0,0.0
PLATELET (x10^3/microL),2026-01-29,215.94594594594594,215.94594594594594,215.94594594594594,False,9.864864864864865,1.0,0.0
PLATELET (x10^3/microL),2026-02-28,216.75675675675677,216.75675675675677,216.75675675675677,False,9.864864864864865,1.0,0.0
PLATELET (x10^3/microL),2026-03-30,217.56756756756758,217.56756756756758,217.56756756756758,False,9.864864864864865,1.0,0.0
PLATELET (x10^3/microL),2026-04-29,218.3783783783784,218.3783783783784,218.3783783783784,False,9.864864864864865,1.0,0.0
PLATELET (x10^3/microL),2026-05-29,219.1891891891892,219.1891891891892,219.1891891891892,False,9.864864864864865,1.0,0.0
PLATELET (x10^3/microL),2026-06-28,220.0,220.0,220.0,False,9.864864864864865,1.0,0.0
PLATELET (x10^3/microL),2026-07-28,220.8108108108108,220.8108108108108,220.8108108108108,False,9.864864864864865,1.0,0.0
PLATELET (x10^3/microL),2026-08-27,221.6216216216216,221.6216216216216,221.6216216216216,False,9.864864864864865,1.0,0.0
PLATELET (x10^3/microL),2026-09-26,222.43243243243245,222.43243243243245,222.43243243243245,False,9.864864864864865,1.0,0.0
PLATELET (x10^3/microL),2026-10-26,223.24324324324323,223.24324324324323,223.24324324324323,False,9.864864864864865,1.0,0.0
PLATELET (x10^3/microL),2026-11-25,224.05405405405406,224.05405405405406,224.05405405405406,False,9.864864864864865,1.0,0.0
PLATELET (x10^3/microL),2026-12-25,224.86486486486487,224.86486486486487,224.86486486486487,False,9.864864864864865,1.0,0.0
PLATELET (x10^3/microL),2027-01-24,225.67567567567568,225.67567567567568,225.67567567567568,False,9.864864864864865,1.0,0.0
PLATELET (x10^3/microL),2027-02-23,226.48648648648648,226.48648648648648,226.48648648648648,False,9.864864864864865,1.0,0.0
PLATELET (x10^3/microL),2027-03-25,227.2972972972973,227.2972972972973,227.2972972972973,False,9.864864864864865,1.0,0.0
RBC (x10^6/microL),2023-06-14,4.799999999999999,4.799999999999999,4.799999999999999,True,0.04932432432432459,1.0,0.0
RBC (x10^6/microL),2023-07-14,4.804054054054053,4.804054054054053,4.804054054054053,False,0.04932432432432459,1.0,0.0
RBC (x10^6/microL),2023-08-13,4.808108108108107,4.808108108108107,4.808108108108107,False,0.04932432432432459,1.0,0.0
RBC (x10^6/microL),2023-09-12,4.812162162162161,4.812162162162161,4.812162162162161,False,0.04932432432432459,1.0,0.0
RBC (x10^6/microL),2023-10-12,4.816216216216215,4.816216216216215,4.816216216216215,False,0.04932432432432459,1.0,0.0
RBC (x10^6/microL),2023-11-11,4.820270270270269,4.820270270270269,4.820270270270269,False,0.04932432432432459,1.0,0.0
RBC (x10^6/microL),2023-12-11,4.824324324324324,4.824324324324324,4.824324324324324,False,0.04932432432432459,1.0,0.0
RBC (x10^6/microL),2024-01-10,4.828378378378377,4.828378378378377,4.828378378378377,False,0.04932432432432459,1.0,0.0
RBC (x10^6/microL),2024-02-09,4.832432432432432,4.832432432432432,4.832432432432432,False,0.04932432432432459,1.0,0.0
RBC (x10^6/microL),2024-03-10,4.836486486486486,4.836486486486486,4.836486486486486,False,0.04932432432432459,1.0,0.0
RBC (x10^6/microL),2024-04-09,4.840540540540539,4.840540540540539,4.840540540540539,False,0.04932432432432459,1.0,0.0
RBC (x10^6/microL),2024-05-09,4.844594594594594,4.844594594594594,4.844594594594594,False,0.04932432432432459,1.0,0.0
RBC (x10^6/microL),2024-06-08,4.8486486486486475,4.8486486486486475,4.8486486486486475,False,0.04932432432432459,1.0,0.0
RBC (x10^6/microL),2024-07-08,4.852702702702702,4.852702702702702,4.852702702702702,False,0.04932432432432459,1.0,0.0
RBC (x10^6/microL),2024-08-07,4.856756756756756,4.856756756756756,4.856756756756756,False,0.04932432432432459,1.0,0.0
RBC (x10^6/microL),2024-09-06,4.86081081081081,4.86081081081081,4.86081081081081,False,0.04932432432432459,1.0,0.0
RBC (x10^6/microL),2024-10-06,4.864864864864864,4.864864864864864,4.864864864864864,False,0.04932432432432459,1.0,0.0
RBC (x10^6/microL),2024-11-05,4.868918918918919,4.868918918918919,4.868918918918919,False,0.04932432432432459,1.0,0.0
RBC (x10^6/microL),2024-12-05,4.872972972972972,4.872972972972972,4.872972972972972,False,0.04932432432432459,1.0,0.0
RBC (x10^6/microL),2025-01-04,4.877027027027026,4.877027027027026,4.877027027027026,False,0.04932432432432459,1.0,0.0
RBC (x10^6/microL),2025-02-03,4.8810810810810805,4.8810810810810805,4.8810810810810805,False,0.04932432432432459,1.0,0.0
RBC (x10^6/microL),2025-03-05,4.885135135135134,4.885135135135134,4.885135135135134,False,0.04932432432432459,1.0,0.0
RBC (x10^6/microL),2025-04-04,4.889189189189189,4.889189189189189,4.889189189189189,False,0.04932432432432459,1.0,0.0
RBC (x10^6/microL),2025-05-04,4.8932432432432424,4.8932432432432424,4.8932432432432424,False,0.04932432432432459,1.0,0.0
RBC (x10^6/microL),2025-06-03,4.897297297297297,4.897297297297297,4.897297297297297,False,0.04932432432432459,1.0,0.0
RBC (x10^6/microL),2025-07-03,4.901351351351351,4.901351351351351,4.901351351351351,False,0.04932432432432459,1.0,0.0
RBC (x10^6/microL),2025-08-02,4.905405405405405,4.905405405405405,4.905405405405405,False,0.04932432432432459,1.0,0.0
RBC (x10^6/microL),2025-09-01,4.909459459459459,4.909459459459459,4.909459459459459,False,0.04932432432432459,1.0,0.0
RBC (x10^6/microL),2025-10-01,4.913513513513513,4.913513513513513,4.913513513513513,False,0.04932432432432459,1.0,0.0
RBC (x10^6/microL),2025-10-31,4.917567567567567,4.917567567567567,4.917567567567567,False,0.04932432432432459,1.0,0.0
RBC (x10^6/microL),2025-11-30,4.921621621621621,4.921621621621621,4.921621621621621,False,0.04932432432432459,1.0,0.0
RBC (x10^6/microL),2025-12-30,4.925675675675675,4.925675675675675,4.925675675675675,False,0.04932432432432459,1.0,0.0
RBC (x10^6/microL),2026-01-29,4.929729729729729,4.929729729729729,4.929729729729729,False,0.04932432432432459,1.0,0.0
RBC (x10^6/microL),2026-02-28,4.933783783783784,4.933783783783784,4.933783783783784,False,0.04932432432432459,1.0,0.0
RBC (x10^6/microL),2026-03-30,4.937837837837837,4.937837837837837,4.937837837837837,False,0.04932432432432459,1.0,0.0
RBC (x10^6/microL),2026-04-29,4.941891891891892,4.941891891891892,4.941891891891892,False,0.04932432432432459,1.0,0.0
RBC (x10^6/microL),2026-05-29,4.945945945945946,4.945945945945946,4.945945945945946,False,0.04932432432432459,1.0,0.0
RBC (x10^6/microL),2026-06-28,4.95,4.95,4.95,False,0.04932432432432459,1.0,0.0
RBC (x10^6/microL),2026-07-28,4.954054054054054,4.954054054054054,4.954054054054054,False,0.04932432432432459,1.0,0.0
RBC (x10^6/microL),2026-08-27,4.9581081081081075,4.9581081081081075,4.9581081081081075,False,0.04932432432432459,1.0,0.0
RBC (x10^6/microL),2026-09-26,4.962162162162162,4.962162162162162,4.962162162162162,False,0.04932432432432459,1.0,0.0
RBC (x10^6/microL),2026-10-26,4.966216216216216,4.966216216216216,4.966216216216216,False,0.04932432432432459,1.0,0.0
RBC (x10^6/microL),2026-11-25,4.97027027027027,4.97027027027027,4.97027027027027,False,0.04932432432432459,1.0,0.0
RBC (x10^6/microL),2026-12-25,4.974324324324324,4.974324324324324,4.974324324324324,False,0.04932432432432459,1.0,0.0
RBC (x10^6/microL),2027-01-24,4.978378378378379,4.978378378378379,4.978378378378379,False,0.04932432432432459,1.0,0.0
RBC (x10^6/microL),2027-02-23,4.982432432432432,4.982432432432432,4.982432432432432,False,0.04932432432432459,1.0,0.0
RBC (x10^6/microL),2027-03-25,4.986486486486487,4.986486486486487,4.986486486486487,False,0.04932432432432459,1.0,0.0
SKELETAL MUSCLE MASS,2023-06-14,36.900000000000006,36.900000000000006,36.900000000000006,True,0.04932432432432503,1.0,0.0
SKELETAL MUSCLE MASS,2023-07-14,36.90405405405406,36.90405405405406,36.90405405405406,False,0.04932432432432503,1.0,0.0
SKELETAL MUSCLE MASS,2023-08-13,36.90810810810812,36.90810810810812,36.90810810810812,False,0.04932432432432503,1.0,0.0
SKELETAL MUSCLE MASS,2023-09-12,36.91216216216217,36.91216216216217,36.91216216216217,False,0.04932432432432503,1.0,0.0
SKELETAL MUSCLE MASS,2023-10-12,36.91621621621622,36.91621621621622,36.91621621621622,False,0.04932432432432503,1.0,0.0
SKELETAL MUSCLE MASS,2023-11-11,36.92027027027028,36.92027027027028,36.92027027027028,False,0.04932432432432503,1.0,0.0
SKELETAL MUSCLE MASS,2023-12-11,36.92432432432433,36.92432432432433,36.92432432432433,False,0.04932432432432503,1.0,0.0
SKELETAL MUSCLE MASS,2024-01-10,36.92837837837838,36.92837837837838,36.92837837837838,False,0.04932432432432503,1.0,0.0
SKELETAL MUSCLE MASS,2024-02-09,36.932432432432435,36.932432432432435,36.932432432432435,False,0.04932432432432503,1.0,0.0
SKELETAL MUSCLE MASS,2024-03-10,36.936486486486494,36.936486486486494,36.936486486486494,False,0.04932432432432503,1.0,0.0
SKELETAL MUSCLE MASS,2024-04-09,36.940540540540546,36.940540540540546,36.940540540540546,False,0.04932432432432503,1.0,0.0
SKELETAL MUSCLE MASS,2024-05-09,36.9445945945946,36.9445945945946,36.9445945945946,False,0.04932432432432503,1.0,0.0
SKELETAL MUSCLE MASS,2024-06-08,36.94864864864866,36.94864864864866,36.94864864864866,False,0.04932432432432503,1.0,0.0
SKELETAL MUSCLE MASS,2024-07-08,36.95270270270271,36.95270270270271,36.95270270270271,False,0.04932432432432503,1.0,0.0
SKELETAL MUSCLE MASS,2024-08-07,36.95675675675676,36.95675675675676,36.95675675675676,False,0.04932432432432503,1.0,0.0
SKELETAL MUSCLE MASS,2024-09-06,36.96081081081082,36.96081081081082,36.96081081081082,False,0.04932432432432503,1.0,0.0
SKELETAL MUSCLE MASS,2024-10-06,36.96486486486487,36.96486486486487,36.96486486486487,False,0.04932432432432503,1.0,0.0
SKELETAL MUSCLE MASS,2024-11-05,36.968918918918924,36.968918918918924,36.968918918918924,False,0.04932432432432503,1.0,0.0
SKELETAL MUSCLE MASS,2024-12-05,36.97297297297298,36.97297297297298,36.97297297297298,False,0.04932432432432503,1.0,0.0
SKELETAL MUSCLE MASS,2025-01-04,36.977027027027034,36.977027027027034,36.977027027027034,False,0.04932432432432503,1.0,0.0
SKELETAL MUSCLE MASS,2025-02-03,36.981081081081086,36.981081081081086,36.981081081081086,False,0.04932432432432503,1.0,0.0
SKELETAL MUSCLE MASS,2025-03-05,36.985135135135145,36.985135135135145,36.985135135135145,False,0.04932432432432503,1.0,0.0
SKELETAL MUSCLE MASS,2025-04-04,36.9891891891892,36.9891891891892,36.9891891891892,False,0.04932432432432503,1.0,0.0
SKELETAL MUSCLE MASS,2025-05-04,36.99324324324325,36.99324324324325,36.99324324324325,False,0.04932432432432503,1.0,0.0
SKELETAL MUSCLE MASS,2025-06-03,36.9972972972973,36.9972972972973,36.9972972972973,False,0.04932432432432503,1.0,0.0
SKELETAL MUSCLE MASS,2025-07-03,37.00135135135136,37.00135135135136,37.00135135135136,False,0.04932432432432503,1.0,0.0
SKELETAL MUSCLE MASS,2025-08-02,37.00540540540541,37.00540540540541,37.00540540540541,False,0.04932432432432503,1.0,0.0
SKELETAL MUSCLE MASS,2025-09-01,37.009459459459464,37.009459459459464,37.009459459459464,False,0.04932432432432503,1.0,0.0
SKELETAL MUSCLE MASS,2025-10-01,37.01351351351352,37.01351351351352,37.01351351351352,False,0.04932432432432503,1.0,0.0
SKELETAL MUSCLE MASS,2025-10-31,37.017567567567575,37.017567567567575,37.017567567567575,False,0.04932432432432503,1.0,0.0
SKELETAL MUSCLE MASS,2025-11-30,37.02162162162163,37.02162162162163,37.02162162162163,False,0.04932432432432503,1.0,0.0
SKELETAL MUSCLE MASS,2025-12-30,37.025675675675686,37.025675675675686,37.025675675675686,False,0.04932432432432503,1.0,0.0
SKELETAL MUSCLE MASS,2026-01-29,37.02972972972974,37.02972972972974,37.02972972972974,False,0.04932432432432503,1.0,0.0
SKELETAL MUSCLE MASS,2026-02-28,37.03378378378379,37.03378378378379,37.03378378378379,False,0.04932432432432503,1.0,0.0
SKELETAL MUSCLE MASS,2026-03-30,37.03783783783785,37.03783783783785,37.03783783783785,False,0.04932432432432503,1.0,0.0
SKELETAL MUSCLE MASS,2026-04-29,37.0418918918919,37.0418918918919,37.0418918918919,False,0.04932432432432503,1.0,0.0
SKELETAL MUSCLE MASS,2026-05-29,37.04594594594595,37.04594594594595,37.04594594594595,False,0.04932432432432503,1.0,0.0
SKELETAL MUSCLE MASS,2026-06-28,37.05000000000001,37.05000000000001,37.05000000000001,False,0.04932432432432503,1.0,0.0
SKELETAL MUSCLE MASS,2026-07-28,37.05405405405406,37.05405405405406,37.05405405405406,False,0.04932432432432503,1.0,0.0
SKELETAL MUSCLE MASS,2026-08-27,37.058108108108115,37.058108108108115,37.058108108108115,False,0.04932432432432503,1.0,0.0
SKELETAL MUSCLE MASS,2026-09-26,37.06216216216217,37.06216216216217,37.06216216216217,False,0.04932432432432503,1.0,0.0
SKELETAL MUSCLE MASS,2026-10-26,37.066216216216226,37.066216216216226,37.066216216216226,False,0.04932432432432503,1.0,0.0
SKELETAL MUSCLE MASS,2026-11-25,37.07027027027028,37.07027027027028,37.07027027027028,False,0.04932432432432503,1.0,0.0
SKELETAL MUSCLE MASS,2026-12-25,37.07432432432433,37.07432432432433,37.07432432432433,False,0.04932432432432503,1.0,0.0
SKELETAL MUSCLE MASS,2027-01-24,37.07837837837839,37.07837837837839,37.07837837837839,False,0.04932432432432503,1.0,0.0
SKELETAL MUSCLE MASS,2027-02-23,37.08243243243244,37.08243243243244,37.08243243243244,False,0.04932432432432503,1.0,0.0
SKELETAL MUSCLE MASS,2027-03-25,37.08648648648649,37.08648648648649,37.08648648648649,False,0.04932432432432503,1.0,0.0
SYSTOLIC BLOOD PRESSURE,2023-06-14,117.90397710437142,106.46513853064454,129.3428156780983,True,2.263499138464909,0.978044246131217,0.09467961017777164
SYSTOLIC BLOOD PRESSURE,2023-07-14,118.09001812945073,106.84956072431982,129.33047553458164,False,2.263499138464909,0.978044246131217,0.09467961017777164
SYSTOLIC BLOOD PRESSURE,2023-08-13,118.27605915453003,107.22618951085857,129.3259287982015,False,2.263499138464909,0.978044246131217,0.09467961017777164
SYSTOLIC BLOOD PRESSURE,2023-09-12,118.46210017960934,107.59461485353272,129.32958550568597,False,2.263499138464909,0.978044246131217,0.09467961017777164
SYSTOLIC BLOOD PRESSURE,2023-10-12,118.64814120468866,107.95441700833692,129.3418654010404,False,2.263499138464909,0.978044246131217,0.09467961017777164
SYSTOLIC BLOOD PRESSURE,2023-11-11,118.83418222976796,108.30516903917997,129.36319542035596,False,2.263499138464909,0.978044246131217,0.09467961017777164
SYSTOLIC BLOOD PRESSURE,2023-12-11,119.02022325484727,108.6464398537779,129.39400665591663,False,2.263499138464909,0.978044246131217,0.09467961017777164
SYSTOLIC BLOOD PRESSURE,2024-01-10,119.20626427992657,108.97779777502869,129.43473078482444,False,2.263499138464909,0.978044246131217,0.09467961017777164
SYSTOLIC BLOOD PRESSURE,2024-02-09,119.39230530500588,109.29881464339022,129.48579596662154,False,2.263499138464909,0.978044246131217,0.09467961017777164
SYSTOLIC BLOOD PRESSURE,2024-03-10,119.5783463300852,109.609070421815,129.5476222383554,False,2.263499138464909,0.978044246131217,0.09467961017777164
SYSTOLIC BLOOD PRESSURE,2024-04-09,119.7643873551645,109.90815824667176,129.62061646365726,False,2.263499138464909,0.978044246131217,0.09467961017777164
SYSTOLIC BLOOD PRESSURE,2024-05-09,119.9504283802438,110.1956898369628,129.7051669235248,False,2.263499138464909,0.978044246131217,0.09467961017777164
SYSTOLIC BLOOD PRESSURE,2024-06-08,120.13646940532311,110.47130114185074,129.80163766879548,False,2.263499138464909,0.978044246131217,0.09467961017777164
SYSTOLIC BLOOD PRESSURE,2024-07-08,120.32251043040242,110.73465807549601,129.91036278530882,False,2.263499138464909,0.978044246131217,0.09467961017777164
SYSTOLIC BLOOD PRESSURE,2024-08-07,120.50855145548172,110.9854621614278,130.03164074953563,False,2.263499138464909,0.978044246131217,0.09467961017777164
SYSTOLIC BLOOD PRESSURE,2024-09-06,120.69459248056103,111.22345588929842,130.16572907182362,False,2.263499138464909,0.978044246131217,0.09467961017777164
SYSTOLIC BLOOD PRESSURE,2024-10-06,120.88063350564035,111.44842757791741,130.31283943336328,False,2.263499138464909,0.978044246131217,0.09467961017777164
SYSTOLIC BLOOD PRESSURE,2024-11-05,121.06667453071965,111.66021554232347,130.47313351911583,False,2.263499138464909,0.978044246131217,0.09467961017777164
SYSTOLIC BLOOD PRESSURE,2024-12-05,121.25271555579896,111.85871138065745,130.64671973094048,False,2.263499138464909,0.978044246131217,0.09467961017777164
SYSTOLIC BLOOD PRESSURE,2025-01-04,121.43875658087826,112.04386222864832,130.8336509331082,False,2.263499138464909,0.978044246131217,0.09467961017777164
SYSTOLIC BLOOD PRESSURE,2025-02-03,121.62479760595757,112.21567187391757,131.03392333799755,False,2.263499138464909,0.978044246131217,0.09467961017777164
SYSTOLIC BLOOD PRESSURE,2025-03-05,121.81083863103689,112.37420067581674,131.24747658625702,False,2.263499138464909,0.978044246131217,0.09467961017777164
SYSTOLIC BLOOD PRESSURE,2025-04-04,121.99687965611619,112.51956429472534,131.47419501750704,False,2.263499138464909,0.978044246131217,0.09467961017777164
SYSTOLIC BLOOD PRESSURE,2025-05-04,122.1829206811955,112.6519312926064,131.7139100697846,False,2.263499138464909,0.978044246131217,0.09467961017777164
SYSTOLIC BLOOD PRESSURE,2025-06-03,122.3689617062748,112.7715197191446,131.966403693405,False,2.263499138464909,0.978044246131217,0.09467961017777164
SYSTOLIC BLOOD PRESSURE,2025-07-03,122.55500273135411,112.87859284069472,132.2314126220135,False,2.263499138464909,0.978044246131217,0.09467961017777164
SYSTOLIC BLOOD PRESSURE,2025-08-02,122.74104375643341,112.97345419950786,132.50863331335898,False,2.263499138464909,0.978044246131217,0.09467961017777164
SYSTOLIC BLOOD PRESSURE,2025-09-01,122.92708478151272,113.05644220679345,132.797727356232,False,2.263499138464909,0.978044246131217,0.09467961017777164
SYSTOLIC BLOOD PRESSURE,2025-10-01,123.11312580659204,113.12792447522423,133.09832713795984,False,2.263499138464909,0.978044246131217,0.09467961017777164
SYSTOLIC BLOOD PRESSURE,2025-10-31,123.29916683167134,113.18829208599145,133.41004157735122,False,2.263499138464909,0.978044246131217,0.09467961017777164
SYSTOLIC BLOOD PRESSURE,2025-11-30,123.48520785675065,113.23795396497582,133.73246174852548,False,2.263499138464909,0.978044246131217,0.09467961017777164
SYSTOLIC BLOOD PRESSURE,2025-12-30,123.67124888182995,113.27733151507401,134.0651662485859,False,2.263499138464909,0.978044246131217,0.09467961017777164
SYSTOLIC BLOOD PRESSURE,2026-01-29,123.85728990690926,113.30685362037606,134.40772619344244,False,2.263499138464909,0.978044246131217,0.09467961017777164
SYSTOLIC BLOOD PRESSURE,2026-02-28,124.04333093198858,113.32695210562045,134.7597097583567,False,2.263499138464909,0.978044246131217,0.09467961017777164
SYSTOLIC BLOOD PRESSURE,2026-03-30,124.22937195706788,113.33805770354205,135.12068621059373,False,2.263499138464909,0.978044246131217,0.09467961017777164
SYSTOLIC BLOOD PRESSURE,2026-04-29,124.41541298214719,113.34059655510569,135.4902294091887,False,2.263499138464909,0.978044246131217,0.09467961017777164
SYSTOLIC BLOOD PRESSURE,2026-05-29,124.6014540072265,113.33498724425814,135.86792077019484,False,2.263499138464909,0.978044246131217,0.09467961017777164
SYSTOLIC BLOOD PRESSURE,2026-06-28,124.7874950323058,113.3216383502143,136.2533517143973,False,2.263499138464909,0.978044246131217,0.09467961017777164
SYSTOLIC BLOOD PRESSURE,2026-07-28,124.9735360573851,113.30094648641831,136.6461256283519,False,2.263499138464909,0.978044246131217,0.09467961017777164
SYSTOLIC BLOOD PRESSURE,2026-08-27,125.15957708246441,113.27329478584143,137.04585937908737,False,2.263499138464909,0.978044246131217,0.09467961017777164
SYSTOLIC BLOOD PRESSURE,2026-09-26,125.34561810754373,113.23905178663458,137.45218442845288,False,2.263499138464909,0.978044246131217,0.09467961017777164
SYSTOLIC BLOOD PRESSURE,2026-10-26,125.53165913262303,113.19857066967425,137.8647475955718,False,2.263499138464909,0.978044246131217,0.09467961017777164
SYSTOLIC BLOOD PRESSURE,2026-11-25,125.71770015770234,113.15218879954195,138.28321151586272,False,2.263499138464909,0.978044246131217,0.09467961017777164
SYSTOLIC BLOOD PRESSURE,2026-12-25,125.90374118278164,113.10022752230607,138.7072548432572,False,2.263499138464909,0.978044246131217,0.09467961017777164
SYSTOLIC BLOOD PRESSURE,2027-01-24,126.08978220786095,113.04299217656589,139.136572239156,False,2.263499138464909,0.978044246131217,0.09467961017777164
SYSTOLIC BLOOD PRESSURE,2027-02-23,126.27582323294027,112.98077227808471,139.57087418779582,False,2.263499138464909,0.978044246131217,0.09467961017777164
SYSTOLIC BLOOD PRESSURE,2027-03-25,126.46186425801957,112.91384184260781,140.00988667343134,False,2.263499138464909,0.978044246131217,0.09467961017777164
TOTAL CHOLESTEROL(mg/dL),2023-06-14,188.4478169419855,137.7846810331299,239.1109528508411,True,-0.3798705202456555,0.004859222258354328,0.9302918781033779
TOTAL CHOLESTEROL(mg/dL),2023-07-14,188.41659470744477,138.55680852403142,238.27638089085812,False,-0.3798705202456555,0.004859222258354328,0.9302918781033779
TOTAL CHOLESTEROL(mg/dL),2023-08-13,188.38537247290404,139.30442810311462,237.46631684269346,False,-0.3798705202456555,0.004859222258354328,0.9302918781033779
TOTAL CHOLESTEROL(mg/dL),2023-09-12,188.3541502383633,140.0263548609288,236.68194561579782,False,-0.3798705202456555,0.004859222258354328,0.9302918781033779
TOTAL CHOLESTEROL(mg/dL),2023-10-12,188.32292800382254,140.7213692510449,235.92448675660017,False,-0.3798705202456555,0.004859222258354328,0.9302918781033779
TOTAL CHOLESTEROL(mg/dL),2023-11-11,188.2917057692818,141.3882211526433,235.1951903859203,False,-0.3798705202456555,0.004859222258354328,0.9302918781033779
TOTAL CHOLESTEROL(mg/dL),2023-12-11,188.26048353474107,142.02563491910811,234.49533215037403,False,-0.3798705202456555,0.004859222258354328,0.9302918781033779
TOTAL CHOLESTEROL(mg/dL),2024-01-10,188.22926130020033,142.6323154849827,233.82620711541796,False,-0.3798705202456555,0.004859222258354328,0.9302918781033779
TOTAL CHOLESTEROL(mg/dL),2024-02-09,188.1980390656596,143.20695558593627,233.18912254538293,False,-0.3798705202456555,0.004859222258354328,0.9302918781033779
TOTAL CHOLESTEROL(mg/dL),2024-03-10,188.16681683111887,143.74824412193425,232.58538954030348,False,-0.3798705202456555,0.004859222258354328,0.9302918781033779
TOTAL CHOLESTEROL(mg/dL),2024-04-09,188.13559459657813,144.25487566216512,232.01631353099114,False,-0.3798705202456555,0.004859222258354328,0.9302918781033779
TOTAL CHOLESTEROL(mg/dL),2024-05-09,188.10437236203737,144.72556105145708,231.48318367261766,False,-0.3798705202456555,0.004859222258354328,0.9302918781033779
TOTAL CHOLESTEROL(mg/dL),2024-06-08,188.07315012749663,145.1590390324844,230.98726122250886,False,-0.3798705202456555,0.004859222258354328,0.9302918781033779
TOTAL CHOLESTEROL(mg/dL),2024-07-08,188.0419278929559,145.55408874727422,230.52976703863757,False,-0.3798705202456555,0.004859222258354328,0.9302918781033779
TOTAL CHOLESTEROL(mg/dL),2024-08-07,188.01070565841516,145.90954292742003,230.1118683894103,False,-0.3798705202456555,0.004859222258354328,0.9302918781033779
TOTAL CHOLESTEROL(mg/dL),2024-09-06,187.97948342387443,146.22430152782357,229.73466531992528,False,-0.3798705202456555,0.004859222258354328,0.9302918781033779
TOTAL CHOLESTEROL(mg/dL),2024-10-06,187.9482611893337,146.49734550727672,229.39917687139067,False,-0.3798705202456555,0.004859222258354328,0.9302918781033779
TOTAL CHOLESTEROL(mg/dL),2024-11-05,187.91703895479296,146.72775041483578,229.10632749475013,False,-0.3798705202456555,0.004859222258354328,0.9302918781033779
TOTAL CHOLESTEROL(mg/dL),2024-12-05,187.88581672025222,146.9146994080182,228.85693403248624,False,-0.3798705202456555,0.004859222258354328,0.9302918781033779
TOTAL CHOLESTEROL(mg/dL),2025-01-04,187.85459448571146,147.05749531143215,228.65169365999077,False,-0.3798705202456555,0.004859222258354328,0.9302918781033779
TOTAL CHOLESTEROL(mg/dL),2025-02-03,187.82337225117072,147.15557132590223,228.49117317643922,False,-0.3798705202456555,0.004859222258354328,0.9302918781033779
TOTAL CHOLESTEROL(mg/dL),2025-03-05,187.79215001663,147.20850002064392,228.37580001261605,False,-0.3798705202456555,0.004859222258354328,0.9302918781033779
TOTAL CHOLESTEROL(mg/dL),2025-04-04,187.76092778208925,147.21600028512267,228.30585527905583,False,-0.3798705202456555,0.004859222258354328,0.9302918781033779
TOTAL CHOLESTEROL(mg/dL),2025-05-04,187.72970554754852,147.17794198158265,228.2814691135144,False,-0.3798705202456555,0.004859222258354328,0.9302918781033779
TOTAL CHOLESTEROL(mg/dL),2025-06-03,187.69848331300778,147.0943481205934,228.30261850542217,False,-0.3798705202456555,0.004859222258354328,0.9302918781033779
TOTAL CHOLESTEROL(mg/dL),2025-07-03,187.66726107846705,146.96539447537526,228.36912768155884,False,-0.3798705202456555,0.004859222258354328,0.9302918781033779
TOTAL CHOLESTEROL(mg/dL),2025-08-02,187.6360388439263,146.79140664989086,228.4806710379617,False,-0.3798705202456555,0.004859222258354328,0.9302918781033779
TOTAL CHOLESTEROL(mg/dL),2025-09-01,187.60481660938555,146.57285471387857,228.63677850489253,False,-0.3798705202456555,0.004859222258354328,0.9302918781033779
TOTAL CHOLESTEROL(mg/dL),2025-10-01,187.57359437484482,146.31034560840877,228.83684314128087,False,-0.3798705202456555,0.004859222258354328,0.9302918781033779
TOTAL CHOLESTEROL(mg/dL),2025-10-31,187.54237214030408,146.00461360225367,229.0801306783545,False,-0.3798705202456555,0.004859222258354328,0.9302918781033779
TOTAL CHOLESTEROL(mg/dL),2025-11-30,187.51114990576335,145.65650913788528,229.3657906736414,False,-0.3798705202456555,0.004859222258354328,0.9302918781033779
TOTAL CHOLESTEROL(mg/dL),2025-12-30,187.4799276712226,145.26698644357293,229.6928688988723,False,-0.3798705202456555,0.004859222258354328,0.9302918781033779
TOTAL CHOLESTEROL(mg/dL),2026-01-29,187.44870543668188,144.83709030409116,230.0603205692726,False,-0.3798705202456555,0.004859222258354328,0.9302918781033779
TOTAL CHOLESTEROL(mg/dL),2026-02-28,187.4174832021411,144.36794237804858,230.46702402623364,False,-0.3798705202456555,0.004859222258354328,0.9302918781033779
TOTAL CHOLESTEROL(mg/dL),2026-03-30,187.38626096760038,143.86072742738367,230.9117945078171,False,-0.3798705202456555,0.004859222258354328,0.9302918781033779
TOTAL CHOLESTEROL(mg/dL),2026-04-29,187.35503873305964,143.316679787772,231.3933976783473,False,-0.3798705202456555,0.004859222258354328,0.9302918781033779
TOTAL CHOLESTEROL(mg/dL),2026-05-29,187.3238164985189,142.73707036173957,231.91056263529825,False,-0.3798705202456555,0.004859222258354328,0.9302918781033779
TOTAL CHOLESTEROL(mg/dL),2026-06-28,187.29259426397817,142.12319436343304,232.4619941645233,False,-0.3798705202456555,0.004859222258354328,0.9302918781033779
TOTAL CHOLESTEROL(mg/dL),2026-07-28,187.26137202943744,141.4763599892155,233.04638406965938,False,-0.3798705202456555,0.004859222258354328,0.9302918781033779
TOTAL CHOLESTEROL(mg/dL),2026-08-27,187.2301497948967,140.79787813488298,233.66242145491043,False,-0.3798705202456555,0.004859222258354328,0.9302918781033779
TOTAL CHOLESTEROL(mg/dL),2026-09-26,187.19892756035597,140.08905323093848,234.30880188977346,False,-0.3798705202456555,0.004859222258354328,0.9302918781033779
TOTAL CHOLESTEROL(mg/dL),2026-10-26,187.1677053258152,139.35117522381128,234.98423542781913,False,-0.3798705202456555,0.004859222258354328,0.9302918781033779
TOTAL CHOLESTEROL(mg/dL),2026-11-25,187.13648309127447,138.5855126942131,235.68745348833585,False,-0.3798705202456555,0.004859222258354328,0.9302918781033779
TOTAL CHOLESTEROL(mg/dL),2026-12-25,187.10526085673374,137.79330707436003,236.41721463910744,False,-0.3798705202456555,0.004859222258354328,0.9302918781033779
TOTAL CHOLESTEROL(mg/dL),2027-01-24,187.074038622193,136.97576790341736,237.17230934096864,False,-0.3798705202456555,0.004859222258354328,0.9302918781033779
TOTAL CHOLESTEROL(mg/dL),2027-02-23,187.04281638765227,136.13406904471861,237.95156373058592,False,-0.3798705202456555,0.004859222258354328,0.9302918781033779
TOTAL CHOLESTEROL(mg/dL),2027-03-25,187.01159415311153,135.26934577830934,238.75384252791372,False,-0.3798705202456555,0.004859222258354328,0.9302918781033779
URIC ACID(mg/dL),2023-06-14,5.9,5.9,5.9,True,0.14797297297297288,1.0,0.0
URIC ACID(mg/dL),2023-07-14,5.912162162162162,5.912162162162162,5.912162162162162,False,0.14797297297297288,1.0,0.0
URIC ACID(mg/dL),2023-08-13,5.924324324324325,5.924324324324325,5.924324324324325,False,0.14797297297297288,1.0,0.0
URIC ACID(mg/dL),2023-09-12,5.936486486486487,5.936486486486487,5.936486486486487,False,0.14797297297297288,1.0,0.0
URIC ACID(mg/dL),2023-10-12,5.948648648648649,5.948648648648649,5.948648648648649,False,0.14797297297297288,1.0,0.0
URIC ACID(mg/dL),2023-11-11,5.960810810810811,5.960810810810811,5.960810810810811,False,0.14797297297297288,1.0,0.0
URIC ACID(mg/dL),2023-12-11,5.972972972972974,5.972972972972974,5.972972972972974,False,0.14797297297297288,1.0,0.0
URIC ACID(mg/dL),2024-01-10,5.985135135135136,5.985135135135136,5.985135135135136,False,0.14797297297297288,1.0,0.0
URIC ACID(mg/dL),2024-02-09,5.9972972972972975,5.9972972972972975,5.9972972972972975,False,0.14797297297297288,1.0,0.0
URIC ACID(mg/dL),2024-03-10,6.0094594594594595,6.0094594594594595,6.0094594594594595,False,0.14797297297297288,1.0,0.0
URIC ACID(mg/dL),2024-04-09,6.021621621621622,6.021621621621622,6.021621621621622,False,0.14797297297297288,1.0,0.0
URIC ACID(mg/dL),2024-05-09,6.033783783783784,6.033783783783784,6.033783783783784,False,0.14797297297297288,1.0,0.0
URIC ACID(mg/dL),2024-06-08,6.045945945945946,6.045945945945946,6.045945945945946,False,0.14797297297297288,1.0,0.0
URIC ACID(mg/dL),2024-07-08,6.058108108108108,6.058108108108108,6.058108108108108,False,0.14797297297297288,1.0,0.0
URIC ACID(mg/dL),2024-08-07,6.070270270270271,6.070270270270271,6.070270270270271,False,0.14797297297297288,1.0,0.0
URIC ACID(mg/dL),2024-09-06,6.082432432432433,6.082432432432433,6.082432432432433,False,0.14797297297297288,1.0,0.0
URIC ACID(mg/dL),2024-10-06,6.094594594594595,6.094594594594595,6.094594594594595,False,0.14797297297297288,1.0,0.0
URIC ACID(mg/dL),2024-11-05,6.106756756756757,6.106756756756757,6.106756756756757,False,0.14797297297297288,1.0,0.0
URIC ACID(mg/dL),2024-12-05,6.1189189189189195,6.1189189189189195,6.1189189189189195,False,0.14797297297297288,1.0,0.0
URIC ACID(mg/dL),2025-01-04,6.131081081081081,6.131081081081081,6.131081081081081,False,0.14797297297297288,1.0,0.0
URIC ACID(mg/dL),2025-02-03,6.143243243243243,6.143243243243243,6.143243243243243,False,0.14797297297297288,1.0,0.0
URIC ACID(mg/dL),2025-03-05,6.155405405405405,6.155405405405405,6.155405405405405,False,0.14797297297297288,1.0,0.0
URIC ACID(mg/dL),2025-04-04,6.167567567567568,6.167567567567568,6.167567567567568,False,0.14797297297297288,1.0,0.0
URIC ACID(mg/dL),2025-05-04,6.17972972972973,6.17972972972973,6.17972972972973,False,0.14797297297297288,1.0,0.0
URIC ACID(mg/dL),2025-06-03,6.191891891891892,6.191891891891892,6.191891891891892,False,0.14797297297297288,1.0,0.0
URIC ACID(mg/dL),2025-07-03,6.204054054054054,6.204054054054054,6.204054054054054,False,0.14797297297297288,1.0,0.0
URIC ACID(mg/dL),2025-08-02,6.216216216216217,6.216216216216217,6.216216216216217,False,0.14797297297297288,1.0,0.0
URIC ACID(mg/dL),2025-09-01,6.228378378378379,6.228378378378379,6.228378378378379,False,0.14797297297297288,1.0,0.0
URIC ACID(mg/dL),2025-10-01,6.2405405405405405,6.2405405405405405,6.2405405405405405,False,0.14797297297297288,1.0,0.0
URIC ACID(mg/dL),2025-10-31,6.2527027027027025,6.2527027027027025,6.2527027027027025,False,0.14797297297297288,1.0,0.0
URIC ACID(mg/dL),2025-11-30,6.264864864864865,6.264864864864865,6.264864864864865,False,0.14797297297297288,1.0,0.0
URIC ACID(mg/dL),2025-12-30,6.277027027027027,6.277027027027027,6.277027027027027,False,0.14797297297297288,1.0,0.0
URIC ACID(mg/dL),2026-01-29,6.289189189189189,6.289189189189189,6.289189189189189,False,0.14797297297297288,1.0,0.0
URIC ACID(mg/dL),2026-02-28,6.301351351351352,6.301351351351352,6.301351351351352,False,0.14797297297297288,1.0,0.0
URIC ACID(mg/dL),2026-03-30,6.313513513513514,6.313513513513514,6.313513513513514,False,0.14797297297297288,1.0,0.0
URIC ACID(mg/dL),2026-04-29,6.325675675675676,6.325675675675676,6.325675675675676,False,0.14797297297297288,1.0,0.0
URIC ACID(mg/dL),2026-05-29,6.337837837837838,6.337837837837838,6.337837837837838,False,0.14797297297297288,1.0,0.0
URIC ACID(mg/dL),2026-06-28,6.35,6.35,6.35,False,0.14797297297297288,1.0,0.0
URIC ACID(mg/dL),2026-07-28,6.3621621621621625,6.3621621621621625,6.3621621621621625,False,0.14797297297297288,1.0,0.0
URIC ACID(mg/dL),2026-08-27,6.374324324324324,6.374324324324324,6.374324324324324,False,0.14797297297297288,1.0,0.0
URIC ACID(mg/dL),2026-09-26,6.386486486486486,6.386486486486486,6.386486486486486,False,0.14797297297297288,1.0,0.0
URIC ACID(mg/dL),2026-10-26,6.398648648648649,6.398648648648649,6.398648648648649,False,0.14797297297297288,1.0,0.0
URIC ACID(mg/dL),2026-11-25,6.410810810810811,6.410810810810811,6.410810810810811,False,0.14797297297297288,1.0,0.0
URIC ACID(mg/dL),2026-12-25,6.422972972972973,6.422972972972973,6.422972972972973,False,0.14797297297297288,1.0,0.0
URIC ACID(mg/dL),2027-01-24,6.435135135135135,6.435135135135135,6.435135135135135,False,0.14797297297297288,1.0,0.0
URIC ACID(mg/dL),2027-02-23,6.447297297297297,6.447297297297297,6.447297297297297,False,0.14797297297297288,1.0,0.0
URIC ACID(mg/dL),2027-03-25,6.45945945945946,6.45945945945946,6.45945945945946,False,0.14797297297297288,1.0,0.0
VITAMIN D (ng/mL),2023-06-14,43.5,43.5,43.5,True,5.770945945945948,1.0,0.0
VITAMIN D (ng/mL),2023-07-14,43.97432432432432,43.97432432432432,43.97432432432432,False,5.770945945945948,1.0,0.0
VITAMIN D (ng/mL),2023-08-13,44.44864864864865,44.44864864864865,44.44864864864865,False,5.770945945945948,1.0,0.0
VITAMIN D (ng/mL),2023-09-12,44.92297297297297,44.92297297297297,44.92297297297297,False,5.770945945945948,1.0,0.0
VITAMIN D (ng/mL),2023-10-12,45.3972972972973,45.3972972972973,45.3972972972973,False,5.770945945945948,1.0,0.0
VITAMIN D (ng/mL),2023-11-11,45.87162162162162,45.87162162162162,45.87162162162162,False,5.770945945945948,1.0,0.0
VITAMIN D (ng/mL),2023-12-11,46.34594594594595,46.34594594594595,46.34594594594595,False,5.770945945945948,1.0,0.0
VITAMIN D (ng/mL),2024-01-10,46.82027027027027,46.82027027027027,46.82027027027027,False,5.770945945945948,1.0,0.0
VITAMIN D (ng/mL),2024-02-09,47.2945945945946,47.2945945945946,47.2945945945946,False,5.770945945945948,1.0,0.0
VITAMIN D (ng/mL),2024-03-10,47.76891891891892,47.76891891891892,47.76891891891892,False,5.770945945945948,1.0,0.0
VITAMIN D (ng/mL),2024-04-09,48.24324324324324,48.24324324324324,48.24324324324324,False,5.770945945945948,1.0,0.0
VITAMIN D (ng/mL),2024-05-09,48.71756756756757,48.71756756756757,48.71756756756757,False,5.770945945945948,1.0,0.0
VITAMIN D (ng/mL),2024-06-08,49.19189189189189,49.19189189189189,49.19189189189189,False,5.770945945945948,1.0,0.0
VITAMIN D (ng/mL),2024-07-08,49.66621621621622,49.66621621621622,49.66621621621622,False,5.770945945945948,1.0,0.0
VITAMIN D (ng/mL),2024-08-07,50.14054054054054,50.14054054054054,50.14054054054054,False,5.770945945945948,1.0,0.0
VITAMIN D (ng/mL),2024-09-06,50.61486486486487,50.61486486486487,50.61486486486487,False,5.770945945945948,1.0,0.0
VITAMIN D (ng/mL),2024-10-06,51.08918918918919,51.08918918918919,51.08918918918919,False,5.770945945945948,1.0,0.0
VITAMIN D (ng/mL),2024-11-05,51.56351351351351,51.56351351351351,51.56351351351351,False,5.770945945945948,1.0,0.0
VITAMIN D (ng/mL),2024-12-05,52.03783783783784,52.03783783783784,52.03783783783784,False,5.770945945945948,1.0,0.0
VITAMIN D (ng/mL),2025-01-04,52.51216216216216,52.51216216216216,52.51216216216216,False,5.770945945945948,1.0,0.0
VITAMIN D (ng/mL),2025-02-03,52.98648648648649,52.98648648648649,52.98648648648649,False,5.770945945945948,1.0,0.0
VITAMIN D (ng/mL),2025-03-05,53.46081081081081,53.46081081081081,53.46081081081081,False,5.770945945945948,1.0,0.0
VITAMIN D (ng/mL),2025-04-04,53.93513513513514,53.93513513513514,53.93513513513514,False,5.770945945945948,1.0,0.0
VITAMIN D (ng/mL),2025-05-04,54.40945945945946,54.40945945945946,54.40945945945946,False,5.770945945945948,1.0,0.0
VITAMIN D (ng/mL),2025-06-03,54.883783783783784,54.883783783783784,54.883783783783784,False,5.770945945945948,1.0,0.0
VITAMIN D (ng/mL),2025-07-03,55.35810810810811,55.35810810810811,55.35810810810811,False,5.770945945945948,1.0,0.0
VITAMIN D (ng/mL),2025-08-02,55.83243243243244,55.83243243243244,55.83243243243244,False,5.770945945945948,1.0,0.0
VITAMIN D (ng/mL),2025-09-01,56.30675675675676,56.30675675675676,56.30675675675676,False,5.770945945945948,1.0,0.0
VITAMIN D (ng/mL),2025-10-01,56.78108108108108,56.78108108108108,56.78108108108108,False,5.770945945945948,1.0,0.0
VITAMIN D (ng/mL),2025-10-31,57.25540540540541,57.25540540540541,57.25540540540541,False,5.770945945945948,1.0,0.0
VITAMIN D (ng/mL),2025-11-30,57.72972972972973,57.72972972972973,57.72972972972973,False,5.770945945945948,1.0,0.0
VITAMIN D (ng/mL),2025-12-30,58.204054054054055,58.204054054054055,58.204054054054055,False,5.770945945945948,1.0,0.0
VITAMIN D (ng/mL),2026-01-29,58.67837837837838,58.67837837837838,58.67837837837838,False,5.770945945945948,1.0,0.0
VITAMIN D (ng/mL),2026-02-28,59.15270270270271,59.15270270270271,59.15270270270271,False,5.770945945945948,1.0,0.0
VITAMIN D (ng/mL),2026-03-30,59.62702702702703,59.62702702702703,59.62702702702703,False,5.770945945945948,1.0,0.0
VITAMIN D (ng/mL),2026-04-29,60.101351351351354,60.101351351351354,60.101351351351354,False,5.770945945945948,1.0,0.0
VITAMIN D (ng/mL),2026-05-29,60.57567567567568,60.57567567567568,60.57567567567568,False,5.770945945945948,1.0,0.0
VITAMIN D (ng/mL),2026-06-28,61.050000000000004,61.050000000000004,61.050000000000004,False,5.770945945945948,1.0,0.0
VITAMIN D (ng/mL),2026-07-28,61.524324324324326,61.524324324324326,61.524324324324326,False,5.770945945945948,1.0,0.0
VITAMIN D (ng/mL),2026-08-27,61.998648648648654,61.998648648648654,61.998648648648654,False,5.770945945945948,1.0,0.0
VITAMIN D (ng/mL),2026-09-26,62.47297297297298,62.47297297297298,62.47297297297298,False,5.770945945945948,1.0,0.0
VITAMIN D (ng/mL),2026-10-26,62.947297297297304,62.947297297297304,62.947297297297304,False,5.770945945945948,1.0,0.0
VITAMIN D (ng/mL),2026-11-25,63.421621621621625,63.421621621621625,63.421621621621625,False,5.770945945945948,1.0,0.0
VITAMIN D (ng/mL),2026-12-25,63.895945945945954,63.895945945945954,63.895945945945954,False,5.770945945945948,1.0,0.0
VITAMIN D (ng/mL),2027-01-24,64.37027027027028,64.37027027027028,64.37027027027028,False,5.770945945945948,1.0,0.0
VITAMIN D (ng/mL),2027-02-23,64.8445945945946,64.8445945945946,64.8445945945946,False,5.770945945945948,1.0,0.0
VITAMIN D (ng/mL),2027-03-25,65.31891891891892,65.31891891891892,65.31891891891892,False,5.770945945945948,1.0,0.0
WAIST CIRCUMFERENCE,2023-06-14,86.44708910674187,20.580939036664063,152.31323917681968,True,-1.6811709294046768,0.42567055596246695,0.5474956397780949
WAIST CIRCUMFERENCE,2023-07-14,86.30891067418806,21.585062223072796,151.0327591253033,False,-1.6811709294046768,0.42567055596246695,0.5474956397780949
WAIST CIRCUMFERENCE,2023-08-13,86.17073224163425,22.544310073519576,149.79715440974894,False,-1.6811709294046768,0.42567055596246695,0.5474956397780949
WAIST CIRCUMFERENCE,2023-09-12,86.03255380908044,23.456321549294536,148.60878606886635,False,-1.6811709294046768,0.42567055596246695,0.5474956397780949
WAIST CIRCUMFERENCE,2023-10-12,85.89437537652664,24.318679716067585,147.4700710369857,False,-1.6811709294046768,0.42567055596246695,0.5474956397780949
WAIST CIRCUMFERENCE,2023-11-11,85.75619694397282,25.128926226649767,146.38346766129587,False,-1.6811709294046768,0.42567055596246695,0.5474956397780949
WAIST CIRCUMFERENCE,2023-12-11,85.61801851141901,25.88457880201525,145.35145822082276,False,-1.6811709294046768,0.42567055596246695,0.5474956397780949
WAIST CIRCUMFERENCE,2024-01-10,85.47984007886521,26.58315179568867,144.37652836204174,False,-1.6811709294046768,0.42567055596246695,0.5474956397780949
WAIST CIRCUMFERENCE,2024-02-09,85.3416616463114,27.222179815709637,143.46114347691315,False,-1.6811709294046768,0.42567055596246695,0.5474956397780949
WAIST CIRCUMFERENCE,2024-03-10,85.2034832137576,27.799244240377533,142.60772218713765,False,-1.6811709294046768,0.42567055596246695,0.5474956397780949
WAIST CIRCUMFERENCE,2024-04-09,85.06530478120378,28.31200230203963,141.8186072603679,False,-1.6811709294046768,0.42567055596246695,0.5474956397780949
WAIST CIRCUMFERENCE,2024-05-09,84.92712634864998,28.758218233987776,141.09603446331218,False,-1.6811709294046768,0.42567055596246695,0.5474956397780949
WAIST CIRCUMFERENCE,2024-06-08,84.78894791609616,29.135795789567652,140.44210004262467,False,-1.6811709294046768,0.42567055596246695,0.5474956397780949
WAIST CIRCUMFERENCE,2024-07-08,84.65076948354235,29.442811264033985,139.8587277030507,False,-1.6811709294046768,0.42567055596246695,0.5474956397780949
WAIST CIRCUMFERENCE,2024-08-07,84.51259105098855,29.677545995488416,139.34763610648866,False,-1.6811709294046768,0.42567055596246695,0.5474956397780949
WAIST CIRCUMFERENCE,2024-09-06,84.37441261843473,29.838517209687915,138.91030802718154,False,-1.6811709294046768,0.42567055596246695,0.5474956397780949
WAIST CIRCUMFERENCE,2024-10-06,84.23623418588093,29.9245060219557,138.54796234980617,False,-1.6811709294046768,0.42567055596246695,0.5474956397780949
WAIST CIRCUMFERENCE,2024-11-05,84.09805575332712,29.934581431661414,138.26153007499283,False,-1.6811709294046768,0.42567055596246695,0.5474956397780949
WAIST CIRCUMFERENCE,2024-12-05,83.9598773207733,29.86811924841382,138.05163539313278,False,-1.6811709294046768,0.42567055596246695,0.5474956397780949
WAIST CIRCUMFERENCE,2025-01-04,83.8216988882195,29.724815073651342,137.91858270278766,False,-1.6811709294046768,0.42567055596246695,0.5474956397780949
WAIST CIRCUMFERENCE,2025-02-03,83.68352045566569,29.50469071693471,137.86235019439667,False,-1.6811709294046768,0.42567055596246695,0.5474956397780949
WAIST CIRCUMFERENCE,2025-03-05,83.54534202311189,29.208093734362414,137.88259031186135,False,-1.6811709294046768,0.42567055596246695,0.5474956397780949
WAIST CIRCUMFERENCE,2025-04-04,83.40716359055807,28.835690111722002,137.97863706939415,False,-1.6811709294046768,0.42567055596246695,0.5474956397780949
WAIST CIRCUMFERENCE,2025-05-04,83.26898515800426,28.38845044821207,138.14951986779644,False,-1.6811709294046768,0.42567055596246695,0.5474956397780949
WAIST CIRCUMFERENCE,2025-06-03,83.13080672545046,27.867630299032506,138.3939831518684,False,-1.6811709294046768,0.42567055596246695,0.5474956397780949
WAIST CIRCUMFERENCE,2025-07-03,82.99262829289664,27.274745582178163,138.71051100361512,False,-1.6811709294046768,0.42567055596246695,0.5474956397780949
WAIST CIRCUMFERENCE,2025-08-02,82.85444986034284,26.611544128893833,139.09735559179185,False,-1.6811709294046768,0.42567055596246695,0.5474956397780949
WAIST CIRCUMFERENCE,2025-09-01,82.71627142778902,25.879974549902684,139.55256830567538,False,-1.6811709294046768,0.42567055596246695,0.5474956397780949
WAIST CIRCUMFERENCE,2025-10-01,82.57809299523522,25.08215360131716,140.07403238915327,False,-1.6811709294046768,0.42567055596246695,0.5474956397780949
WAIST CIRCUMFERENCE,2025-10-31,82.43991456268141,24.220333173682576,140.65949595168024,False,-1.6811709294046768,0.42567055596246695,0.5474956397780949
WAIST CIRCUMFERENCE,2025-11-30,82.3017361301276,23.296867909321307,141.30660435093387,False,-1.6811709294046768,0.42567055596246695,0.5474956397780949
WAIST CIRCUMFERENCE,2025-12-30,82.1635576975738,22.314184294651156,142.01293110049642,False,-1.6811709294046768,0.42567055596246695,0.5474956397780949
WAIST CIRCUMFERENCE,2026-01-29,82.02537926501998,21.274751893662668,142.7760066363773,False,-1.6811709294046768,0.42567055596246695,0.5474956397780949
WAIST CIRCUMFERENCE,2026-02-28,81.88720083246618,20.18105720293893,143.5933444619934,False,-1.6811709294046768,0.42567055596246695,0.5474956397780949
WAIST CIRCUMFERENCE,2026-03-30,81.74902239991236,19.035580431180676,144.46246436864405,False,-1.6811709294046768,0.42567055596246695,0.5474956397780949
WAIST CIRCUMFERENCE,2026-04-29,81.61084396735855,17.84077534714767,145.3809125875694,False,-1.6811709294046768,0.42567055596246695,0.5474956397780949
WAIST CIRCUMFERENCE,2026-05-29,81.47266553480475,16.599052205419255,146.34627886419025,False,-1.6811709294046768,0.42567055596246695,0.5474956397780949
WAIST CIRCUMFERENCE,2026-06-28,81.33448710225093,15.312763652176272,147.3562105523256,False,-1.6811709294046768,0.42567055596246695,0.5474956397780949
WAIST CIRCUMFERENCE,2026-07-28,81.19630866969713,13.984193433313251,148.408423906081,False,-1.6811709294046768,0.42567055596246695,0.5474956397780949
WAIST CIRCUMFERENCE,2026-08-27,81.05813023714332,12.615547672609353,149.50071280167728,False,-1.6811709294046768,0.42567055596246695,0.5474956397780949
WAIST CIRCUMFERENCE,2026-09-26,80.9199518045895,11.208948455186729,150.63095515399226,False,-1.6811709294046768,0.42567055596246695,0.5474956397780949
WAIST CIRCUMFERENCE,2026-10-26,80.7817733720357,9.766429437213176,151.79711730685824,False,-1.6811709294046768,0.42567055596246695,0.5474956397780949
WAIST CIRCUMFERENCE,2026-11-25,80.64359493948189,8.289933202807347,152.99725667615644,False,-1.6811709294046768,0.42567055596246695,0.5474956397780949
WAIST CIRCUMFERENCE,2026-12-25,80.50541650692809,6.7813100996449975,154.22952291421117,False,-1.6811709294046768,0.42567055596246695,0.5474956397780949
WAIST CIRCUMFERENCE,2027-01-24,80.36723807437427,5.242318302550402,155.49215784619815,False,-1.6811709294046768,0.42567055596246695,0.5474956397780949
WAIST CIRCUMFERENCE,2027-02-23,80.22905964182047,3.674624876636287,156.78349440700464,False,-1.6811709294046768,0.42567055596246695,0.5474956397780949
WAIST CIRCUMFERENCE,2027-03-25,80.09088120926666,2.0798076361257642,158.10195478240755,False,-1.6811709294046768,0.42567055596246695,0.5474956397780949
WBC (x10^3/microL),2023-06-14,4.9,4.9,4.9,True,0.29594594594594575,1.0,0.0
WBC (x10^3/microL),2023-07-14,4.924324324324325,4.924324324324325,4.924324324324325,False,0.29594594594594575,1.0,0.0
WBC (x10^3/microL),2023-08-13,4.948648648648649,4.948648648648649,4.948648648648649,False,0.29594594594594575,1.0,0.0
WBC (x10^3/microL),2023-09-12,4.972972972972974,4.972972972972974,4.972972972972974,False,0.29594594594594575,1.0,0.0
WBC (x10^3/microL),2023-10-12,4.9972972972972975,4.9972972972972975,4.9972972972972975,False,0.29594594594594575,1.0,0.0
WBC (x10^3/microL),2023-11-11,5.021621621621622,5.021621621621622,5.021621621621622,False,0.29594594594594575,1.0,0.0
WBC (x10^3/microL),2023-12-11,5.045945945945946,5.045945945945946,5.045945945945946,False,0.29594594594594575,1.0,0.0
WBC (x10^3/microL),2024-01-10,5.070270270270271,5.070270270270271,5.070270270270271,False,0.29594594594594575,1.0,0.0
WBC (x10^3/microL),2024-02-09,5.094594594594595,5.094594594594595,5.094594594594595,False,0.29594594594594575,1.0,0.0
WBC (x10^3/microL),2024-03-10,5.1189189189189195,5.1189189189189195,5.1189189189189195,False,0.29594594594594575,1.0,0.0
WBC (x10^3/microL),2024-04-09,5.143243243243243,5.143243243243243,5.143243243243243,False,0.29594594594594575,1.0,0.0
WBC (x10^3/microL),2024-05-09,5.167567567567568,5.167567567567568,5.167567567567568,False,0.29594594594594575,1.0,0.0
WBC (x10^3/microL),2024-06-08,5.191891891891892,5.191891891891892,5.191891891891892,False,0.29594594594594575,1.0,0.0
WBC (x10^3/microL),2024-07-08,5.216216216216217,5.216216216216217,5.216216216216217,False,0.29594594594594575,1.0,0.0
WBC (x10^3/microL),2024-08-07,5.2405405405405405,5.2405405405405405,5.2405405405405405,False,0.29594594594594575,1.0,0.0
WBC (x10^3/microL),2024-09-06,5.264864864864865,5.264864864864865,5.264864864864865,False,0.29594594594594575,1.0,0.0
WBC (x10^3/microL),2024-10-06,5.289189189189189,5.289189189189189,5.289189189189189,False,0.29594594594594575,1.0,0.0
WBC (x10^3/microL),2024-11-05,5.313513513513514,5.313513513513514,5.313513513513514,False,0.29594594594594575,1.0,0.0
WBC (x10^3/microL),2024-12-05,5.337837837837838,5.337837837837838,5.337837837837838,False,0.29594594594594575,1.0,0.0
WBC (x10^3/microL),2025-01-04,5.3621621621621625,5.3621621621621625,5.3621621621621625,False,0.29594594594594575,1.0,0.0
WBC (x10^3/microL),2025-02-03,5.386486486486486,5.386486486486486,5.386486486486486,False,0.29594594594594575,1.0,0.0
WBC (x10^3/microL),2025-03-05,5.410810810810811,5.410810810810811,5.410810810810811,False,0.29594594594594575,1.0,0.0
WBC (x10^3/microL),2025-04-04,5.435135135135135,5.435135135135135,5.435135135135135,False,0.29594594594594575,1.0,0.0
WBC (x10^3/microL),2025-05-04,5.45945945945946,5.45945945945946,5.45945945945946,False,0.29594594594594575,1.0,0.0
WBC (x10^3/microL),2025-06-03,5.4837837837837835,5.4837837837837835,5.4837837837837835,False,0.29594594594594575,1.0,0.0
WBC (x10^3/microL),2025-07-03,5.508108108108108,5.508108108108108,5.508108108108108,False,0.29594594594594575,1.0,0.0
WBC (x10^3/microL),2025-08-02,5.532432432432432,5.532432432432432,5.532432432432432,False,0.29594594594594575,1.0,0.0
WBC (x10^3/microL),2025-09-01,5.556756756756757,5.556756756756757,5.556756756756757,False,0.29594594594594575,1.0,0.0
WBC (x10^3/microL),2025-10-01,5.581081081081081,5.581081081081081,5.581081081081081,False,0.29594594594594575,1.0,0.0
WBC (x10^3/microL),2025-10-31,5.605405405405405,5.605405405405405,5.605405405405405,False,0.29594594594594575,1.0,0.0
WBC (x10^3/microL),2025-11-30,5.629729729729729,5.629729729729729,5.629729729729729,False,0.29594594594594575,1.0,0.0
WBC (x10^3/microL),2025-12-30,5.654054054054054,5.654054054054054,5.654054054054054,False,0.29594594594594575,1.0,0.0
WBC (x10^3/microL),2026-01-29,5.678378378378378,5.678378378378378,5.678378378378378,False,0.29594594594594575,1.0,0.0
WBC (x10^3/microL),2026-02-28,5.702702702702703,5.702702702702703,5.702702702702703,False,0.29594594594594575,1.0,0.0
WBC (x10^3/microL),2026-03-30,5.727027027027027,5.727027027027027,5.727027027027027,False,0.29594594594594575,1.0,0.0
WBC (x10^3/microL),2026-04-29,5.751351351351351,5.751351351351351,5.751351351351351,False,0.29594594594594575,1.0,0.0
WBC (x10^3/microL),2026-05-29,5.775675675675675,5.775675675675675,5.775675675675675,False,0.29594594594594575,1.0,0.0
WBC (x10^3/microL),2026-06-28,5.8,5.8,5.8,False,0.29594594594594575,1.0,0.0
WBC (x10^3/microL),2026-07-28,5.824324324324325,5.824324324324325,5.824324324324325,False,0.29594594594594575,1.0,0.0
WBC (x10^3/microL),2026-08-27,5.848648648648648,5.848648648648648,5.848648648648648,False,0.29594594594594575,1.0,0.0
WBC (x10^3/microL),2026-09-26,5.872972972972972,5.872972972972972,5.872972972972972,False,0.29594594594594575,1.0,0.0
WBC (x10^3/microL),2026-10-26,5.897297297297297,5.897297297297297,5.897297297297297,False,0.29594594594594575,1.0,0.0
WBC (x10^3/microL),2026-11-25,5.921621621621622,5.921621621621622,5.921621621621622,False,0.29594594594594575,1.0,0.0
WBC (x10^3/microL),2026-12-25,5.945945945945946,5.945945945945946,5.945945945945946,False,0.29594594594594575,1.0,0.0
WBC (x10^3/microL),2027-01-24,5.9702702702702695,5.9702702702702695,5.9702702702702695,False,0.29594594594594575,1.0,0.0
WBC (x10^3/microL),2027-02-23,5.994594594594594,5.994594594594594,5.994594594594594,False,0.29594594594594575,1.0,0.0
WBC (x10^3/microL),2027-03-25,6.018918918918919,6.018918918918919,6.018918918918919,False,0.29594594594594575,1.0,0.0
WEIGHT,2023-06-14,82.68839390139739,73.88104862977785,91.49573917301693,True,-1.8309303117226625,0.7896334217568369,0.1113867985693455
WEIGHT,2023-07-14,82.53790647851608,73.87021656535202,91.20559639168013,False,-1.8309303117226625,0.7896334217568369,0.1113867985693455
WEIGHT,2023-08-13,82.38741905563477,73.85512401374163,90.9197140975279,False,-1.8309303117226625,0.7896334217568369,0.1113867985693455
WEIGHT,2023-09-12,82.23693163275344,73.83556498875055,90.63829827675633,False,-1.8309303117226625,0.7896334217568369,0.1113867985693455
WEIGHT,2023-10-12,82.08644420987213,73.81132748284547,90.36156093689878,False,-1.8309303117226625,0.7896334217568369,0.1113867985693455
WEIGHT,2023-11-11,81.93595678699081,73.7821941734013,90.08971940058034,False,-1.8309303117226625,0.7896334217568369,0.1113867985693455
WEIGHT,2023-12-11,81.7854693641095,73.74794330035546,89.82299542786355,False,-1.8309303117226625,0.7896334217568369,0.1113867985693455
WEIGHT,2024-01-10,81.63498194122819,73.70834972784887,89.56161415460751,False,-1.8309303117226625,0.7896334217568369,0.1113867985693455
WEIGHT,2024-02-09,81.48449451834688,73.66318619935434,89.30580283733941,False,-1.8309303117226625,0.7896334217568369,0.1113867985693455
WEIGHT,2024-03-10,81.33400709546555,73.612224791541,89.05578939939011,False,-1.8309303117226625,0.7896334217568369,0.1113867985693455
WEIGHT,2024-04-09,81.18351967258424,73.55523856662302,88.81180077854546,False,-1.8309303117226625,0.7896334217568369,0.1113867985693455
WEIGHT,2024-05-09,81.03303224970293,73.49200341619293,88.57406108321292,False,-1.8309303117226625,0.7896334217568369,0.1113867985693455
WEIGHT,2024-06-08,80.88254482682161,73.42230008164098,88.34278957200225,False,-1.8309303117226625,0.7896334217568369,0.1113867985693455
WEIGHT,2024-07-08,80.7320574039403,73.34591632743337,88.11819848044723,False,-1.8309303117226625,0.7896334217568369,0.1113867985693455
WEIGHT,2024-08-07,80.58156998105899,73.26264923411601,87.90049072800197,False,-1.8309303117226625,0.7896334217568369,0.1113867985693455
WEIGHT,2024-09-06,80.43108255817766,73.17230756842191,87.68985754793341,False,-1.8309303117226625,0.7896334217568369,0.1113867985693455
WEIGHT,2024-10-06,80.28059513529635,73.07471417890548,87.48647609168722,False,-1.8309303117226625,0.7896334217568369,0.1113867985693455
WEIGHT,2024-11-05,80.13010771241504,72.96970835781536,87.29050706701472,False,-1.8309303117226625,0.7896334217568369,0.1113867985693455
WEIGHT,2024-12-05,79.97962028953373,72.85714810419472,87.10209247487273,False,-1.8309303117226625,0.7896334217568369,0.1113867985693455
WEIGHT,2025-01-04,79.82913286665242,72.73691222016896,86.92135351313587,False,-1.8309303117226625,0.7896334217568369,0.1113867985693455
WEIGHT,2025-02-03,79.67864544377109,72.60890217263415,86.74838871490803,False,-1.8309303117226625,0.7896334217568369,0.1113867985693455
WEIGHT,2025-03-05,79.52815802088978,72.47304365646819,86.58327238531136,False,-1.8309303117226625,0.7896334217568369,0.1113867985693455
WEIGHT,2025-04-04,79.37767059800846,72.32928780305107,86.42605339296585,False,-1.8309303117226625,0.7896334217568369,0.1113867985693455
WEIGHT,2025-05-04,79.22718317512715,72.17761198906649,86.27675436118781,False,-1.8309303117226625,0.7896334217568369,0.1113867985693455
WEIGHT,2025-06-03,79.07669575224584,72.01802021470172,86.13537128978996,False,-1.8309303117226625,0.7896334217568369,0.1113867985693455
WEIGHT,2025-07-03,78.92620832936453,71.85054303660142,86.00187362212763,False,-1.8309303117226625,0.7896334217568369,0.1113867985693455
WEIGHT,2025-08-02,78.7757209064832,71.67523705818083,85.87620475478558,False,-1.8309303117226625,0.7896334217568369,0.1113867985693455
WEIGHT,2025-09-01,78.62523348360189,71.4921839969731,85.75828297023068,False,-1.8309303117226625,0.7896334217568369,0.1113867985693455
WEIGHT,2025-10-01,78.47474606072058,71.3014893644013,85.64800275703985,False,-1.8309303117226625,0.7896334217568369,0.1113867985693455
WEIGHT,2025-10-31,78.32425863783926,71.10328080670136,85.54523646897717,False,-1.8309303117226625,0.7896334217568369,0.1113867985693455
WEIGHT,2025-11-30,78.17377121495795,70.89770616589588,85.44983626402002,False,-1.8309303117226625,0.7896334217568369,0.1113867985693455
WEIGHT,2025-12-30,78.02328379207664,70.68493132626513,85.36163625788815,False,-1.8309303117226625,0.7896334217568369,0.1113867985693455
WEIGHT,2026-01-29,77.87279636919531,70.46513791454969,85.28045482384094,False,-1.8309303117226625,0.7896334217568369,0.1113867985693455
WEIGHT,2026-02-28,77.722308946314,70.23852092133723,85.20609697129078,False,-1.8309303117226625,0.7896334217568369,0.1113867985693455
WEIGHT,2026-03-30,77.57182152343269,70.00528630718013,85.13835673968525,False,-1.8309303117226625,0.7896334217568369,0.1113867985693455
WEIGHT,2026-04-29,77.42133410055138,69.76564865059352,85.07701955050923,False,-1.8309303117226625,0.7896334217568369,0.1113867985693455
WEIGHT,2026-05-29,77.27084667767006,69.51982888692125,85.02186446841888,False,-1.8309303117226625,0.7896334217568369,0.1113867985693455
WEIGHT,2026-06-28,77.12035925478875,69.26805217787089,84.97266633170662,False,-1.8309303117226625,0.7896334217568369,0.1113867985693455
WEIGHT,2026-07-28,76.96987183190743,69.01054594199526,84.92919772181959,False,-1.8309303117226625,0.7896334217568369,0.1113867985693455
WEIGHT,2026-08-27,76.81938440902611,68.74753806712023,84.891230750932,False,-1.8309303117226625,0.7896334217568369,0.1113867985693455
WEIGHT,2026-09-26,76.6688969861448,68.47925531713666,84.85853865515294,False,-1.8309303117226625,0.7896334217568369,0.1113867985693455
WEIGHT,2026-10-26,76.51840956326349,68.20592193800526,84.83089718852172,False,-1.8309303117226625,0.7896334217568369,0.1113867985693455
WEIGHT,2026-11-25,76.36792214038218,67.92775846144266,84.80808581932169,False,-1.8309303117226625,0.7896334217568369,0.1113867985693455
WEIGHT,2026-12-25,76.21743471750085,67.64498069963584,84.78988873536586,False,-1.8309303117226625,0.7896334217568369,0.1113867985693455
WEIGHT,2027-01-24,76.06694729461954,67.3577989204424,84.77609566879667,False,-1.8309303117226625,0.7896334217568369,0.1113867985693455
WEIGHT,2027-02-23,75.91645987173823,67.06641718978713,84.76650255368932,False,-1.8309303117226625,0.7896334217568369,0.1113867985693455
WEIGHT,2027-03-25,75.76597244885691,66.77103286622594,84.76091203148789,False,-1.8309303117226625,0.7896334217568369,0.1113867985693455
eGFR 신사구체여과율(mL/min/1.73m^2),2023-06-14,76.50125153594784,-75.831139202139,228.83364227403467,True,-3.4902172585068696,0.37391185350662487,0.5811462858072659
eGFR 신사구체여과율(mL/min/1.73m^2),2023-07-14,76.21438436401577,-73.47614046304675,225.90490919107827,False,-3.4902172585068696,0.37391185350662487,0.5811462858072659
eGFR 신사구체여과율(mL/min/1.73m^2),2023-08-13,75.9275171920837,-71.22492746526451,223.07996184943192,False,-3.4902172585068696,0.37391185350662487,0.5811462858072659
eGFR 신사구체여과율(mL/min/1.73m^2),2023-09-12,75.64065002015163,-69.08296071727675,220.36426075757998,False,-3.4902172585068696,0.37391185350662487,0.5811462858072659
eGFR 신사구체여과율(mL/min/1.73m^2),2023-10-12,75.35378284821955,-67.05583000054746,217.76339569698655,False,-3.4902172585068696,0.37391185350662487,0.5811462858072659
eGFR 신사구체여과율(mL/min/1.73m^2),2023-11-11,75.0669156762875,-65.149220874414,215.28305222698899,False,-3.4902172585068696,0.37391185350662487,0.5811462858072659
eGFR 신사구체여과율(mL/min/1.73m^2),2023-12-11,74.78004850435542,-63.368874246734066,212.9289712554449,False,-3.4902172585068696,0.37391185350662487,0.5811462858072659
eGFR 신사구체여과율(mL/min/1.73m^2),2024-01-10,74.49318133242335,-61.72053881345721,210.7069014783039,False,-3.4902172585068696,0.37391185350662487,0.5811462858072659
eGFR 신사구체여과율(mL/min/1.73m^2),2024-02-09,74.20631416049127,-60.20991642676441,208.62254474774696,False,-3.4902172585068696,0.37391185350662487,0.5811462858072659
eGFR 신사구체여과율(mL/min/1.73m^2),2024-03-10,73.9194469885592,-58.842600770597386,206.6814947477158,False,-3.4902172585068696,0.37391185350662487,0.5811462858072659
eGFR 신사구체여과율(mL/min/1.73m^2),2024-04-09,73.63257981662713,-57.62401009692772,204.88916973018198,False,-3.4902172585068696,0.37391185350662487,0.5811462858072659
eGFR 신사구체여과율(mL/min/1.73m^2),2024-05-09,73.34571264469506,-56.559315190558095,203.2507404799482,False,-3.4902172585068696,0.37391185350662487,0.5811462858072659
eGFR 신사구체여과율(mL/min/1.73m^2),2024-06-08,73.05884547276298,-55.65336416032869,201.77105510585466,False,-3.4902172585068696,0.37391185350662487,0.5811462858072659
eGFR 신사구체여과율(mL/min/1.73m^2),2024-07-08,72.77197830083091,-54.910606067595126,200.45456266925694,False,-3.4902172585068696,0.37391185350662487,0.5811462858072659
eGFR 신사구체여과율(mL/min/1.73m^2),2024-08-07,72.48511112889884,-54.33501575946137,199.30523801725906,False,-3.4902172585068696,0.37391185350662487,0.5811462858072659
eGFR 신사구체여과율(mL/min/1.73m^2),2024-09-06,72.19824395696678,-53.930022532236904,198.32651044617046,False,-3.4902172585068696,0.37391185350662487,0.5811462858072659
eGFR 신사구체여과율(mL/min/1.73m^2),2024-10-06,71.9113767850347,-53.69844536982562,197.52119893989504,False,-3.4902172585068696,0.37391185350662487,0.5811462858072659
eGFR 신사구체여과율(mL/min/1.73m^2),2024-11-05,71.62450961310263,-53.64243745032647,196.89145667653173,False,-3.4902172585068696,0.37391185350662487,0.5811462858072659
eGFR 신사구체여과율(mL/min/1.73m^2),2024-12-05,71.33764244117056,-53.76344237435178,196.4387272566929,False,-3.4902172585068696,0.37391185350662487,0.5811462858072659
eGFR 신사구체여과율(mL/min/1.73m^2),2025-01-04,71.05077526923849,-54.06216414176461,196.16371468024158,False,-3.4902172585068696,0.37391185350662487,0.5811462858072659
eGFR 신사구체여과율(mL/min/1.73m^2),2025-02-03,70.76390809730641,-54.538552312353545,196.06636850696637,False,-3.4902172585068696,0.37391185350662487,0.5811462858072659
eGFR 신사구체여과율(mL/min/1.73m^2),2025-03-05,70.47704092537434,-55.191803073365946,196.14588492411463,False,-3.4902172585068696,0.37391185350662487,0.5811462858072659
eGFR 신사구체여과율(mL/min/1.73m^2),2025-04-04,70.19017375344227,-56.020376161599714,196.40072366848426,False,-3.4902172585068696,0.37391185350662487,0.5811462858072659
eGFR 신사구체여과율(mL/min/1.73m^2),2025-05-04,69.9033065815102,-57.022026817095195,196.82863998011558,False,-3.4902172585068696,0.37391185350662487,0.5811462858072659
eGFR 신사구체여과율(mL/min/1.73m^2),2025-06-03,69.61643940957813,-58.19385124594467,197.42673006510094,False,-3.4902172585068696,0.37391185350662487,0.5811462858072659
eGFR 신사구체여과율(mL/min/1.73m^2),2025-07-03,69.32957223764606,-59.532343498398916,198.19148797369104,False,-3.4902172585068696,0.37391185350662487,0.5811462858072659
eGFR 신사구체여과율(mL/min/1.73m^2),2025-08-02,69.04270506571399,-61.033461265747945,199.11887139717592,False,-3.4902172585068696,0.37391185350662487,0.5811462858072659
eGFR 신사구체여과율(mL/min/1.73m^2),2025-09-01,68.75583789378192,-62.69269788516465,200.20437367272848,False,-3.4902172585068696,0.37391185350662487,0.5811462858072659
eGFR 신사구체여과율(mL/min/1.73m^2),2025-10-01,68.46897072184984,-64.5051578144188,201.44309925811848,False,-3.4902172585068696,0.37391185350662487,0.5811462858072659
eGFR 신사구체여과율(mL/min/1.73m^2),2025-10-31,68.18210354991777,-66.46563297819267,202.8298400780282,False,-3.4902172585068696,0.37391185350662487,0.5811462858072659
eGFR 신사구체여과율(mL/min/1.73m^2),2025-11-30,67.8952363779857,-68.56867766129085,204.35915041726224,False,-3.4902172585068696,0.37391185350662487,0.5811462858072659
eGFR 신사구체여과율(mL/min/1.73m^2),2025-12-30,67.60836920605362,-70.80867999059308,206.02541840270032,False,-3.4902172585068696,0.37391185350662487,0.5811462858072659
eGFR 신사구체여과율(mL/min/1.73m^2),2026-01-29,67.32150203412155,-73.17992846502685,207.82293253326995,False,-3.4902172585068696,0.37391185350662487,0.5811462858072659
eGFR 신사구체여과율(mL/min/1.73m^2),2026-02-28,67.03463486218948,-75.67667242255021,209.74594214692917,False,-3.4902172585068696,0.37391185350662487,0.5811462858072659
eGFR 신사구체여과율(mL/min/1.73m^2),2026-03-30,66.74776769025742,-78.29317574346412,211.78871112397894,False,-3.4902172585068696,0.37391185350662487,0.5811462858072659
eGFR 신사구체여과율(mL/min/1.73m^2),2026-04-29,66.46090051832535,-81.02376345722463,213.94556449387534,False,-3.4902172585068696,0.37391185350662487,0.5811462858072659
eGFR 신사구체여과율(mL/min/1.73m^2),2026-05-29,66.17403334639327,-83.8628612310073,216.21092792379386,False,-3.4902172585068696,0.37391185350662487,0.5811462858072659
eGFR 신사구체여과율(mL/min/1.73m^2),2026-06-28,65.8871661744612,-86.80502796620662,218.579360315129,False,-3.4902172585068696,0.37391185350662487,0.5811462858072659
eGFR 신사구체여과율(mL/min/1.73m^2),2026-07-28,65.60029900252913,-89.84498191382754,221.04557991888578,False,-3.4902172585068696,0.37391185350662487,0.5811462858072659
eGFR 신사구체여과율(mL/min/1.73m^2),2026-08-27,65.31343183059705,-92.9776208459548,223.60448450714892,False,-3.4902172585068696,0.37391185350662487,0.5811462858072659
eGFR 신사구체여과율(mL/min/1.73m^2),2026-09-26,65.02656465866498,-96.19803689565445,226.2511662129844,False,-3.4902172585068696,0.37391185350662487,0.5811462858072659
eGFR 신사구체여과율(mL/min/1.73m^2),2026-10-26,64.73969748673291,-99.50152671066358,228.98092168412938,False,-3.4902172585068696,0.37391185350662487,0.5811462858072659
eGFR 신사구체여과율(mL/min/1.73m^2),2026-11-25,64.45283031480085,-102.88359756622603,231.78925819582773,False,-3.4902172585068696,0.37391185350662487,0.5811462858072659
eGFR 신사구체여과율(mL/min/1.73m^2),2026-12-25,64.16596314286878,-106.33997005805244,234.67189634379,False,-3.4902172585068696,0.37391185350662487,0.5811462858072659
eGFR 신사구체여과율(mL/min/1.73m^2),2027-01-24,63.8790959709367,-109.86657795524818,237.62476989712158,False,-3.4902172585068696,0.37391185350662487,0.5811462858072659
eGFR 신사구체여과율(mL/min/1.73m^2),2027-02-23,63.59222879900463,-113.45956574152967,240.64402333953893,False,-3.4902172585068696,0.37391185350662487,0.5811462858072659
eGFR 신사구체여과율(mL/min/1.73m^2),2027-03-25,63.30536162707256,-117.11528431622085,243.72600757036597,False,-3.4902172585068696,0.37391185350662487,0.5811462858072659
갑상선자극호르몬 TSH (micro IU/mL),2023-06-14,1.7048827392848482,-6.827444979722582,10.237210458292278,True,0.16528553629216747,0.33129867745288266,0.6095483775291042
갑상선자극호르몬 TSH (micro IU/mL),2023-07-14,1.7184678518568073,-6.678231886035988,10.115167589749603,False,0.16528553629216747,0.33129867745288266,0.6095483775291042
갑상선자극호르몬 TSH (micro IU/mL),2023-08-13,1.732052964428766,-6.534070593591471,9.998176522449002,False,0.16528553629216747,0.33129867745288266,0.6095483775291042
갑상선자극호르몬 TSH (micro IU/mL),2023-09-12,1.7456380770007252,-6.395204193239323,9.886480347240774,False,0.16528553629216747,0.33129867745288266,0.6095483775291042
갑상선자극호르몬 TSH (micro IU/mL),2023-10-12,1.7592231895726842,-6.261880790911486,9.780327170056854,False,0.16528553629216747,0.33129867745288266,0.6095483775291042
갑상선자극호르몬 TSH (micro IU/mL),2023-11-11,1.772808302144643,-6.1343522038077065,9.679968808096993,False,0.16528553629216747,0.33129867745288266,0.6095483775291042
갑상선자극호르몬 TSH (micro IU/mL),2023-12-11,1.786393414716602,-6.012872414346289,9.585659243779492,False,0.16528553629216747,0.33129867745288266,0.6095483775291042
갑상선자극호르몬 TSH (micro IU/mL),2024-01-10,1.7999785272885611,-5.897695776176434,9.497652830753557,False,0.16528553629216747,0.33129867745288266,0.6095483775291042
갑상선자극호르몬 TSH (micro IU/mL),2024-02-09,1.81356363986052,-5.789074974226327,9.416202253947366,False,0.16528553629216747,0.33129867745288266,0.6095483775291042
갑상선자극호르몬 TSH (micro IU/mL),2024-03-10,1.827148752432479,-5.687258750153816,9.341556255018775,False,0.16528553629216747,0.33129867745288266,0.6095483775291042
갑상선자극호르몬 TSH (micro IU/mL),2024-04-09,1.840733865004438,-5.592489415496954,9.273957145505829,False,0.16528553629216747,0.33129867745288266,0.6095483775291042
갑상선자극호르몬 TSH (micro IU/mL),2024-05-09,1.8543189775763969,-5.505000186924649,9.213638142077443,False,0.16528553629216747,0.33129867745288266,0.6095483775291042
갑상선자극호르몬 TSH (micro IU/mL),2024-06-08,1.867904090148356,-5.425012390693765,9.160820570990477,False,0.16528553629216747,0.33129867745288266,0.6095483775291042
갑상선자극호르몬 TSH (micro IU/mL),2024-07-08,1.881489202720315,-5.352732595954835,9.115711001395464,False,0.16528553629216747,0.33129867745288266,0.6095483775291042
갑상선자극호르몬 TSH (micro IU/mL),2024-08-07,1.8950743152922738,-5.288349747970079,9.078498378554626,False,0.16528553629216747,0.33129867745288266,0.6095483775291042
갑상선자극호르몬 TSH (micro IU/mL),2024-09-06,1.9086594278642328,-5.2320323815635,9.049351237291965,False,0.16528553629216747,0.33129867745288266,0.6095483775291042
갑상선자극호르몬 TSH (micro IU/mL),2024-10-06,1.9222445404361919,-5.183926001152423,9.028415082024807,False,0.16528553629216747,0.33129867745288266,0.6095483775291042
갑상선자극호르몬 TSH (micro IU/mL),2024-11-05,1.9358296530081507,-5.1441507155661235,9.015810021582425,False,0.16528553629216747,0.33129867745288266,0.6095483775291042
갑상선자극호르몬 TSH (micro IU/mL),2024-12-05,1.9494147655801097,-5.112799212840131,9.011628744000351,False,0.16528553629216747,0.33129867745288266,0.6095483775291042
갑상선자극호르몬 TSH (micro IU/mL),2025-01-04,1.9629998781520688,-5.089935151956542,9.015934908260679,False,0.16528553629216747,0.33129867745288266,0.6095483775291042
갑상선자극호르몬 TSH (micro IU/mL),2025-02-03,1.9765849907240276,-5.075592035217246,9.0287620166653,False,0.16528553629216747,0.33129867745288266,0.6095483775291042
갑상선자극호르몬 TSH (micro IU/mL),2025-03-05,1.9901701032959866,-5.069772607224858,9.050112813816831,False,0.16528553629216747,0.33129867745288266,0.6095483775291042
갑상선자극호르몬 TSH (micro IU/mL),2025-04-04,2.0037552158679457,-5.072448805413575,9.079959237149467,False,0.16528553629216747,0.33129867745288266,0.6095483775291042
갑상선자극호르몬 TSH (micro IU/mL),2025-05-04,2.0173403284399045,-5.083562264196253,9.118242921076062,False,0.16528553629216747,0.33129867745288266,0.6095483775291042
갑상선자극호르몬 TSH (micro IU/mL),2025-06-03,2.0309254410118633,-5.103025351764525,9.164876233788252,False,0.16528553629216747,0.33129867745288266,0.6095483775291042
갑상선자극호르몬 TSH (micro IU/mL),2025-07-03,2.0445105535838226,-5.130722697101804,9.219743804269449,False,0.16528553629216747,0.33129867745288266,0.6095483775291042
갑상선자극호르몬 TSH (micro IU/mL),2025-08-02,2.0580956661557814,-5.16651314637353,9.282704478685092,False,0.16528553629216747,0.33129867745288266,0.6095483775291042
갑상선자극호르몬 TSH (micro IU/mL),2025-09-01,2.0716807787277403,-5.210232073727276,9.353593631182758,False,0.16528553629216747,0.33129867745288266,0.6095483775291042
갑상선자극호르몬 TSH (micro IU/mL),2025-10-01,2.0852658912996995,-5.261693962392489,9.43222574499189,False,0.16528553629216747,0.33129867745288266,0.6095483775291042
갑상선자극호르몬 TSH (micro IU/mL),2025-10-31,2.0988510038716583,-5.320695168039514,9.51839717578283,False,0.16528553629216747,0.33129867745288266,0.6095483775291042
갑상선자극호르몬 TSH (micro IU/mL),2025-11-30,2.112436116443617,-5.387016777389407,9.611889010276641,False,0.16528553629216747,0.33129867745288266,0.6095483775291042
갑상선자극호르몬 TSH (micro IU/mL),2025-12-30,2.1260212290155764,-5.460427480417653,9.712469938448805,False,0.16528553629216747,0.33129867745288266,0.6095483775291042
갑상선자극호르몬 TSH (micro IU/mL),2026-01-29,2.1396063415875353,-5.54068638325333,9.8198990664284,False,0.16528553629216747,0.33129867745288266,0.6095483775291042
갑상선자극호르몬 TSH (micro IU/mL),2026-02-28,2.153191454159494,-5.627545699990344,9.933928608309332,False,0.16528553629216747,0.33129867745288266,0.6095483775291042
갑상선자극호르몬 TSH (micro IU/mL),2026-03-30,2.1667765667314534,-5.720753274038327,10.054306407501233,False,0.16528553629216747,0.33129867745288266,0.6095483775291042
갑상선자극호르몬 TSH (micro IU/mL),2026-04-29,2.180361679303412,-5.820054892378439,10.180778250985263,False,0.16528553629216747,0.33129867745288266,0.6095483775291042
갑상선자극호르몬 TSH (micro IU/mL),2026-05-29,2.193946791875371,-5.925196368347338,10.31308995209808,False,0.16528553629216747,0.33129867745288266,0.6095483775291042
갑상선자극호르몬 TSH (micro IU/mL),2026-06-28,2.2075319044473303,-6.035925379743729,10.45098918863839,False,0.16528553629216747,0.33129867745288266,0.6095483775291042
갑상선자극호르몬 TSH (micro IU/mL),2026-07-28,2.221117017019289,-6.151993058736069,10.594227092774647,False,0.16528553629216747,0.33129867745288266,0.6095483775291042
갑상선자극호르몬 TSH (micro IU/mL),2026-08-27,2.234702129591248,-6.273155338037773,10.74255959722027,False,0.16528553629216747,0.33129867745288266,0.6095483775291042
갑상선자극호르몬 TSH (micro IU/mL),2026-09-26,2.248287242163207,-6.3991740640588555,10.89574854838527,False,0.16528553629216747,0.33129867745288266,0.6095483775291042
갑상선자극호르몬 TSH (micro IU/mL),2026-10-26,2.261872354735166,-6.529817892314398,11.05356260178473,False,0.16528553629216747,0.33129867745288266,0.6095483775291042
갑상선자극호르몬 TSH (micro IU/mL),2026-11-25,2.275457467307125,-6.664862983429912,11.21577791804416,False,0.16528553629216747,0.33129867745288266,0.6095483775291042
갑상선자극호르몬 TSH (micro IU/mL),2026-12-25,2.289042579879084,-6.804093519839713,11.38217867959788,False,0.16528553629216747,0.33129867745288266,0.6095483775291042
갑상선자극호르몬 TSH (micro IU/mL),2027-01-24,2.302627692451043,-6.9473020639575545,11.552557448859641,False,0.16528553629216747,0.33129867745288266,0.6095483775291042
갑상선자극호르몬 TSH (micro IU/mL),2027-02-23,2.3162128050230018,-7.094289778437627,11.72671538848363,False,0.16528553629216747,0.33129867745288266,0.6095483775291042
갑상선자극호르몬 TSH (micro IU/mL),2027-03-25,2.329797917594961,-7.244866528352315,11.904462363542237,False,0.16528553629216747,0.33129867745288266,0.6095483775291042
중성지방TRIGLYCERIDE(mg/dL),2023-06-14,70.1793962920571,-21.140552032564543,161.49934461667874,True,-5.269171732439737,0.22430524998920395,0.5263912479807791
중성지방TRIGLYCERIDE(mg/dL),2023-07-14,69.74631368391137,-20.12560237626529,159.618229744088,False,-5.269171732439737,0.22430524998920395,0.5263912479807791
중성지방TRIGLYCERIDE(mg/dL),2023-08-13,69.31323107576564,-19.154828059700648,157.78129021123192,False,-5.269171732439737,0.22430524998920395,0.5263912479807791
중성지방TRIGLYCERIDE(mg/dL),2023-09-12,68.8801484676199,-18.230364873872517,155.99066180911234,False,-5.269171732439737,0.22430524998920395,0.5263912479807791
중성지방TRIGLYCERIDE(mg/dL),2023-10-12,68.44706585947418,-17.35441104269428,154.24854276164263,False,-5.269171732439737,0.22430524998920395,0.5263912479807791
중성지방TRIGLYCERIDE(mg/dL),2023-11-11,68.01398325132844,-16.52921990020478,152.55718640286165,False,-5.269171732439737,0.22430524998920395,0.5263912479807791
중성지방TRIGLYCERIDE(mg/dL),2023-12-11,67.58090064318272,-15.757090790511768,150.9188920768772,False,-5.269171732439737,0.22430524998920395,0.5263912479807791
중성지방TRIGLYCERIDE(mg/dL),2024-01-10,67.14781803503698,-15.040358060048021,149.33599413012197,False,-5.269171732439737,0.22430524998920395,0.5263912479807791
중성지방TRIGLYCERIDE(mg/dL),2024-02-09,66.71473542689125,-14.3813780436316,147.8108488974141,False,-5.269171732439737,0.22430524998920395,0.5263912479807791
중성지방TRIGLYCERIDE(mg/dL),2024-03-10,66.28165281874551,-13.782513989909802,146.34581962740083,False,-5.269171732439737,0.22430524998920395,0.5263912479807791
중성지방TRIGLYCERIDE(mg/dL),2024-04-09,65.84857021059979,-13.246118928795013,144.9432593499946,False,-5.269171732439737,0.22430524998920395,0.5263912479807791
중성지방TRIGLYCERIDE(mg/dL),2024-05-09,65.41548760245405,-12.774516553472836,143.60549175838094,False,-5.269171732439737,0.22430524998920395,0.5263912479807791
중성지방TRIGLYCERIDE(mg/dL),2024-06-08,64.98240499430833,-12.369980271456285,142.33479026007294,False,-5.269171732439737,0.22430524998920395,0.5263912479807791
중성지방TRIGLYCERIDE(mg/dL),2024-07-08,64.54932238616259,-12.034710670707298,141.13335544303249,False,-5.269171732439737,0.22430524998920395,0.5263912479807791
중성지방TRIGLYCERIDE(mg/dL),2024-08-07,64.11623977801686,-11.770811744369041,140.00329130040276,False,-5.269171732439737,0.22430524998920395,0.5263912479807791
중성지방TRIGLYCERIDE(mg/dL),2024-09-06,63.68315716987113,-11.580266316041424,138.9465806557837,False,-5.269171732439737,0.22430524998920395,0.5263912479807791
중성지방TRIGLYCERIDE(mg/dL),2024-10-06,63.2500745617254,-11.46491120037875,137.96506032382956,False,-5.269171732439737,0.22430524998920395,0.5263912479807791
중성지방TRIGLYCERIDE(mg/dL),2024-11-05,62.81699195357967,-11.426412713744746,137.06039662090407,False,-5.269171732439737,0.22430524998920395,0.5263912479807791
중성지방TRIGLYCERIDE(mg/dL),2024-12-05,62.383909345433935,-11.46624320900429,136.23406189987216,False,-5.269171732439737,0.22430524998920395,0.5263912479807791
중성지방TRIGLYCERIDE(mg/dL),2025-01-04,61.9508267372882,-11.585659339927624,135.48731281450404,False,-5.269171732439737,0.22430524998920395,0.5263912479807791
중성지방TRIGLYCERIDE(mg/dL),2025-02-03,61.51774412914247,-11.785682758066343,134.8211710163513,False,-5.269171732439737,0.22430524998920395,0.5263912479807791
중성지방TRIGLYCERIDE(mg/dL),2025-03-05,61.08466152099674,-12.067083904421686,134.23640694641517,False,-5.269171732439737,0.22430524998920395,0.5263912479807791
중성지방TRIGLYCERIDE(mg/dL),2025-04-04,60.65157891285101,-12.430369478767105,133.73352730446913,False,-5.269171732439737,0.22430524998920395,0.5263912479807791
중성지방TRIGLYCERIDE(mg/dL),2025-05-04,60.21849630470527,-12.875774053497864,133.31276666290842,False,-5.269171732439737,0.22430524998920395,0.5263912479807791
중성지방TRIGLYCERIDE(mg/dL),2025-06-03,59.785413696559544,-13.403256152223037,132.97408354534213,False,-5.269171732439737,0.22430524998920395,0.5263912479807791
중성지방TRIGLYCERIDE(mg/dL),2025-07-03,59.352331088413806,-14.012498944941797,132.7171611217694,False,-5.269171732439737,0.22430524998920395,0.5263912479807791
중성지방TRIGLYCERIDE(mg/dL),2025-08-02,58.91924848026808,-14.702915532787529,132.5414124933237,False,-5.269171732439737,0.22430524998920395,0.5263912479807791
중성지방TRIGLYCERIDE(mg/dL),2025-09-01,58.48616587212234,-15.473658618342839,132.4459903625875,False,-5.269171732439737,0.22430524998920395,0.5263912479807791
중성지방TRIGLYCERIDE(mg/dL),2025-10-01,58.05308326397662,-16.323634194570985,132.42980072252422,False,-5.269171732439737,0.22430524998920395,0.5263912479807791
중성지방TRIGLYCERIDE(mg/dL),2025-10-31,57.62000065583088,-17.251518747142853,132.4915200588046,False,-5.269171732439737,0.22430524998920395,0.5263912479807791
중성지방TRIGLYCERIDE(mg/dL),2025-11-30,57.186918047685154,-18.25577935944746,132.62961545481778,False,-5.269171732439737,0.22430524998920395,0.5263912479807791
중성지방TRIGLYCERIDE(mg/dL),2025-12-30,56.753835439539415,-19.334696041699786,132.8423669207786,False,-5.269171732439737,0.22430524998920395,0.5263912479807791
중성지방TRIGLYCERIDE(mg/dL),2026-01-29,56.32075283139369,-20.486385576647066,133.12789123943446,False,-5.269171732439737,0.22430524998920395,0.5263912479807791
중성지방TRIGLYCERIDE(mg/dL),2026-02-28,55.88767022324795,-21.708826182487925,133.48416662898381,False,-5.269171732439737,0.22430524998920395,0.5263912479807791
중성지방TRIGLYCERIDE(mg/dL),2026-03-30,55.45458761510223,-22.99988233411024,133.9090575643147,False,-5.269171732439737,0.22430524998920395,0.5263912479807791
중성지방TRIGLYCERIDE(mg/dL),2026-04-29,55.02150500695649,-24.35732915008711,134.4003391640001,False,-5.269171732439737,0.22430524998920395,0.5263912479807791
중성지방TRIGLYCERIDE(mg/dL),2026-05-29,54.58842239881076,-25.77887583749947,134.955720635121,False,-5.269171732439737,0.22430524998920395,0.5263912479807791
중성지방TRIGLYCERIDE(mg/dL),2026-06-28,54.155339790665025,-27.262187781901815,135.57286736323186,False,-5.269171732439737,0.22430524998920395,0.5263912479807791
중성지방TRIGLYCERIDE(mg/dL),2026-07-28,53.7222571825193,-28.80490696849452,136.24942133353312,False,-5.269171732439737,0.22430524998920395,0.5263912479807791
중성지방TRIGLYCERIDE(mg/dL),2026-08-27,53.28917457437356,-30.404670516768775,136.98301966551588,False,-5.269171732439737,0.22430524998920395,0.5263912479807791
중성지방TRIGLYCERIDE(mg/dL),2026-09-26,52.85609196622784,-32.05912719986114,137.7713111323168,False,-5.269171732439737,0.22430524998920395,0.5263912479807791
중성지방TRIGLYCERIDE(mg/dL),2026-10-26,52.4230093580821,-33.76595189835011,138.6119706145143,False,-5.269171732439737,0.22430524998920395,0.5263912479807791
중성지방TRIGLYCERIDE(mg/dL),2026-11-25,51.98992674993637,-35.52285800437063,139.5027115042434,False,-5.269171732439737,0.22430524998920395,0.5263912479807791
중성지방TRIGLYCERIDE(mg/dL),2026-12-25,51.556844141790634,-37.32760784503107,140.44129612861235,False,-5.269171732439737,0.22430524998920395,0.5263912479807791
중성지방TRIGLYCERIDE(mg/dL),2027-01-24,51.1237615336449,-39.17802123444118,141.42554430173098,False,-5.269171732439737,0.22430524998920395,0.5263912479807791
중성지방TRIGLYCERIDE(mg/dL),2027-02-23,50.69067892549917,-41.071982292147794,142.45334014314614,False,-5.269171732439737,0.22430524998920395,0.5263912479807791
중성지방TRIGLYCERIDE(mg/dL),2027-03-25,50.25759631735344,-43.0074446838049,143.52263731851178,False,-5.269171732439737,0.22430524998920395,0.5263912479807791
